乐视网,SZ300104,传媒
乐视网,SZ300104,传媒
万科A,SZ000002,房地产
苏宁云商,SZ002024,商业贸易
招商银行,SH600036,银行
格力电器,SZ000651,家用电器
中信证券,SH600030,非银金融
中国平安,SH601318,非银金融
比亚迪,SZ002594,汽车
浦发银行,SH600000,银行
兴业银行,SH601166,银行
中国中车,SH601766,机械设备
民生银行,SH600016,银行
中国石油,SH601857,采掘
科大讯飞,SZ002230,计算机
贵州茅台,SH600519,食品饮料
长安汽车,SZ000625,汽车
五粮液,SZ000858,食品饮料
伊利股份,SH600887,食品饮料
中国建筑,SH601668,建筑装饰
海通证券,SH600837,非银金融
华泰证券,SH601688,非银金融
华谊兄弟,SZ300027,传媒
国泰君安,SH601211,非银金融
太阳能,SZ000591,电气设备
工商银行,SH601398,银行
中国石化,SH600028,化工
中国银行,SH601988,银行
国投电力,SH600886,公用事业
招商证券,SH600999,非银金融
恒生电子,SH600570,计算机
暴风集团,SZ300431,传媒
国金证券,SH600109,非银金融
三泰控股,SZ002312,计算机
上海家化,SH600315,化工
怡亚通,SZ002183,交通运输
中国北车,SH601299,机械设备
东方明珠,SH600637,传媒
中国重工,SH601989,国防军工
泸州老窖,SZ000568,食品饮料
浙江龙盛,SH600352,化工
白云山,SH600332,医药生物
天齐锂业,SZ002466,有色金属
恒瑞医药,SH600276,医药生物
光线传媒,SZ300251,传媒
东阿阿胶,SZ000423,医药生物
三聚环保,SZ300072,化工
复星医药,SH600196,医药生物
中国联通,SH600050,通信
光大证券,SH601788,非银金融
平安银行,SZ000001,银行
建设银行,SH601939,银行
多氟多,SZ002407,化工
农业银行,SH601288,银行
亚泰集团,SH600881,建筑材料
中国中铁,SH601390,建筑装饰
交通银行,SH601328,银行
东方财富,SZ300059,传媒
京东方A,SZ000725,电子
康美药业,SH600518,医药生物
网宿科技,SZ300017,通信
长城汽车,SH601633,汽车
特力A,SZ000025,汽车
广发证券,SZ000776,非银金融
TCL集团,SZ000100,家用电器
双鹭药业,SZ002038,医药生物
中国人寿,SH601628,非银金融
鲁信创投,SH600783,非银金融
物产中大,SH600704,商业贸易
万向钱潮,SZ000559,汽车
同花顺,SZ300033,计算机
电广传媒,SZ000917,传媒
掌趣科技,SZ300315,传媒
宋城演艺,SZ300144,休闲服务
科伦药业,SZ002422,医药生物
保利地产,SH600048,房地产
美的集团,SZ000333,家用电器
永辉超市,SH601933,商业贸易
张裕A,SZ000869,食品饮料
云南白药,SZ000538,医药生物
川投能源,SH600674,公用事业
黄河旋风,SH600172,机械设备
西部证券,SZ002673,非银金融
数码视讯,SZ300079,计算机
上汽集团,SH600104,汽车
全通教育,SZ300359,传媒
中信银行,SH601998,银行
沈阳机床,SZ000410,机械设备
康得新,SZ002450,化工
闰土股份,SZ002440,化工
长江证券,SZ000783,非银金融
雅戈尔,SH600177,纺织服装
中兴通讯,SZ000063,通信
众和股份,SZ002070,纺织服装
中国铁建,SH601186,建筑装饰
中国核电,SH601985,公用事业
蓝色光标,SZ300058,传媒
梅雁吉祥,SH600868,公用事业
海螺水泥,SH600585,建筑材料
大智慧,SH601519,计算机
赣锋锂业,SZ002460,有色金属
北京银行,SH601169,银行
歌尔股份,SZ002241,电子
福耀玻璃,SH600660,汽车
达安基因,SZ002030,医药生物
廊坊发展,SH600149,综合
东方明珠,SH600832,传媒
爱康科技,SZ002610,电气设备
易尚展示,SZ002751,轻工制造
新华保险,SH601336,非银金融
天士力,SH600535,医药生物
国信证券,SZ002736,非银金融
欧菲光,SZ002456,电子
千山药机,SZ300216,医药生物
中航资本,SH600705,非银金融
南京银行,SH601009,银行
华夏幸福,SH600340,房地产
中国神华,SH601088,采掘
新大陆,SZ000997,计算机
特变电工,SH600089,电气设备
双汇发展,SZ000895,食品饮料
同仁堂,SH600085,医药生物
上海电气,SH601727,电气设备
南山铝业,SH600219,有色金属
光大银行,SH601818,银行
海康威视,SZ002415,计算机
机器人,SZ300024,机械设备
万达院线,SZ002739,传媒
迪安诊断,SZ300244,医药生物
海正药业,SH600267,医药生物
中集集团,SZ000039,机械设备
奥飞娱乐,SZ002292,传媒
长江电力,SH600900,公用事业
中国太保,SH601601,非银金融
恒顺众昇,SZ300208,电气设备
杰瑞股份,SZ002353,机械设备
山东黄金,SH600547,有色金属
奋达科技,SZ002681,家用电器
兴业证券,SH601377,非银金融
汤臣倍健,SZ300146,食品饮料
申万宏源,SZ000166,非银金融
中铁工业,SH600528,建筑装饰
东方证券,SH600958,非银金融
东方航空,SH600115,交通运输
中信国安,SZ000839,综合
均胜电子,SH600699,汽车
好想你,SZ002582,食品饮料
中远海控,SH601919,交通运输
水晶光电,SZ002273,电子
四川双马,SZ000935,建筑材料
金风科技,SZ002202,电气设备
吉林敖东,SZ000623,医药生物
中科创达,SZ300496,计算机
中国一重,SH601106,机械设备
大秦铁路,SH601006,交通运输
协鑫集成,SZ002506,电气设备
格林美,SZ002340,有色金属
国电电力,SH600795,公用事业
中体产业,SH600158,传媒
中国船舶,SH600150,国防军工
九阳股份,SZ002242,家用电器
中文在线,SZ300364,传媒
陆家嘴,SH600663,房地产
四川长虹,SH600839,家用电器
南方航空,SH600029,交通运输
方正证券,SH601901,非银金融
银之杰,SZ300085,计算机
东兴证券,SH601198,非银金融
华丽家族,SH600503,房地产
青岛海尔,SH600690,家用电器
金融街,SZ000402,房地产
中国交建,SH601800,建筑装饰
天赐材料,SZ002709,化工
生意宝,SZ002095,传媒
万华化学,SH600309,化工
海润光伏,SH600401,电气设备
四维图新,SZ002405,计算机
荣之联,SZ002642,计算机
新希望,SZ000876,农林牧渔
大众公用,SH600635,公用事业
东旭光电,SZ000413,电子
大族激光,SZ002008,电子
中源协和,SH600645,医药生物
爱尔眼科,SZ300015,医药生物
金螳螂,SZ002081,建筑装饰
*ST新集,SH601918,采掘
万达信息,SZ300168,计算机
中青宝,SZ300052,传媒
华兰生物,SZ002007,医药生物
融捷股份,SZ002192,机械设备
广汇能源,SH600256,化工
国元证券,SZ000728,非银金融
金证股份,SH600446,计算机
中航飞机,SZ000768,国防军工
中国铝业,SH601600,有色金属
贝因美,SZ002570,食品饮料
中环股份,SZ002129,电子
中关村,SZ000931,房地产
人民网,SH603000,传媒
三一重工,SH600031,机械设备
黑牛食品,SZ002387,食品饮料
锦龙股份,SZ000712,非银金融
欣泰电气,SZ300372,电气设备
紫光国芯,SZ002049,电子
中粮生化,SZ000930,农林牧渔
华海药业,SH600521,医药生物
国轩高科,SZ002074,电气设备
探路者,SZ300005,纺织服装
北大荒,SH600598,农林牧渔
亨通光电,SH600487,通信
际华集团,SH601718,纺织服装
宇通客车,SH600066,汽车
碧水源,SZ300070,公用事业
亚太股份,SZ002284,汽车
清新环境,SZ002573,公用事业
辽宁成大,SH600739,商业贸易
中联重科,SZ000157,机械设备
和佳股份,SZ300273,医药生物
中航动力,SH600893,国防军工
九安医疗,SZ002432,医药生物
同方股份,SH600100,计算机
上海医药,SH601607,医药生物
君正集团,SH601216,化工
片仔癀,SH600436,医药生物
顺网科技,SZ300113,传媒
金字火腿,SZ002515,食品饮料
上海钢联,SZ300226,传媒
中国电建,SH601669,建筑装饰
腾邦国际,SZ300178,休闲服务
成飞集成,SZ002190,国防军工
江西铜业,SH600362,有色金属
国海证券,SZ000750,非银金融
中国宝安,SZ000009,综合
中国卫星,SH600118,国防军工
普路通,SZ002769,交通运输
远望谷,SZ002161,电子
中毅达,SH600610,建筑装饰
启迪桑德,SZ000826,公用事业
宁波银行,SZ002142,银行
名家汇,SZ300506,建筑装饰
康达尔,SZ000048,农林牧渔
中粮糖业,SH600737,农林牧渔
安洁科技,SZ002635,电子
金龙机电,SZ300032,电子
中科金财,SZ002657,计算机
张江高科,SH600895,房地产
当升科技,SZ300073,化工
昆仑万维,SZ300418,传媒
世联行,SZ002285,房地产
东方园林,SZ002310,建筑装饰
浪潮信息,SZ000977,计算机
信维通信,SZ300136,电子
科力远,SH600478,有色金属
葛洲坝,SH600068,建筑装饰
沧州明珠,SZ002108,化工
平高电气,SH600312,电气设备
洛阳玻璃,SH600876,建筑材料
长春高新,SZ000661,医药生物
安琪酵母,SH600298,农林牧渔
酒鬼酒,SZ000799,食品饮料
启明星辰,SZ002439,计算机
三江购物,SH601116,商业贸易
大华股份,SZ002236,计算机
棕榈股份,SZ002431,建筑装饰
游族网络,SZ002174,传媒
冠昊生物,SZ300238,医药生物
*ST獐岛,SZ002069,农林牧渔
赢时胜,SZ300377,计算机
中国中冶,SH601618,建筑装饰
招商地产,SZ000024,房地产
第一创业,SZ002797,非银金融
宝钢股份,SH600019,钢铁
分众传媒,SZ002027,传媒
江淮汽车,SH600418,汽车
潜能恒信,SZ300191,采掘
海南航空,SH600221,交通运输
煌上煌,SZ002695,食品饮料
招商轮船,SH601872,交通运输
中粮地产,SZ000031,房地产
卫宁健康,SZ300253,计算机
川大智胜,SZ002253,计算机
平潭发展,SZ000592,农林牧渔
北方稀土,SH600111,有色金属
武昌鱼,SH600275,综合
锦江投资,SH600650,交通运输
锦江投资,SH600650,交通运输
金亚科技,SZ300028,通信
中颖电子,SZ300327,电子
浙江东方,SH600120,商业贸易
大唐电信,SH600198,通信
大北农,SZ002385,农林牧渔
包钢股份,SH600010,钢铁
百润股份,SZ002568,食品饮料
国电南瑞,SH600406,电气设备
上海普天,SH600680,计算机
北斗星通,SZ002151,国防军工
太原重工,SH600169,机械设备
新华网,SH603888,传媒
阳光电源,SZ300274,电气设备
东软集团,SH600718,计算机
美年健康,SZ002044,医药生物
三安光电,SH600703,电子
信立泰,SZ002294,医药生物
中恒集团,SH600252,医药生物
汇川技术,SZ300124,电气设备
华友钴业,SH603799,有色金属
鸿博股份,SZ002229,轻工制造
顺丰控股,SZ002352,交通运输
兔宝宝,SZ002043,建筑材料
首开股份,SH600376,房地产
西南证券,SH600369,非银金融
云南铜业,SZ000878,有色金属
天坛生物,SH600161,医药生物
鹏博士,SH600804,传媒
众信旅游,SZ002707,休闲服务
安硕信息,SZ300380,计算机
中青旅,SH600138,休闲服务
大富科技,SZ300134,通信
长电科技,SH600584,电子
联络互动,SZ002280,计算机
华夏银行,SH600015,银行
南玻A,SZ000012,建筑材料
老板电器,SZ002508,家用电器
通策医疗,SH600763,医药生物
美邦服饰,SZ002269,纺织服装
恒宝股份,SZ002104,通信
隆基股份,SH601012,电气设备
锡业股份,SZ000960,有色金属
中金黄金,SH600489,有色金属
科达洁能,SH600499,机械设备
唐山港,SH601000,交通运输
美亚柏科,SZ300188,计算机
利亚德,SZ300296,电子
金地集团,SH600383,房地产
易事特,SZ300376,电气设备
中海油服,SH601808,采掘
宝莱特,SZ300246,医药生物
奥特迅,SZ002227,电气设备
云意电气,SZ300304,汽车
中远海发,SH601866,交通运输
长信科技,SZ300088,电子
韵达股份,SZ002120,交通运输
完美世界,SZ002624,传媒
用友网络,SH600588,计算机
东吴证券,SH601555,非银金融
浙报传媒,SH600633,传媒
鱼跃医疗,SZ002223,医药生物
山西证券,SZ002500,非银金融
小商品城,SH600415,商业贸易
海信电器,SH600060,家用电器
海南橡胶,SH601118,农林牧渔
健康元,SH600380,医药生物
天山股份,SZ000877,建筑材料
海格通信,SZ002465,通信
海欣食品,SZ002702,食品饮料
金贵银业,SZ002716,有色金属
大商股份,SH600694,商业贸易
洋河股份,SZ002304,食品饮料
信威集团,SH600485,通信
中核科技,SZ000777,机械设备
熊猫金控,SH600599,轻工制造
硕贝德,SZ300322,电子
通化东宝,SH600867,医药生物
紫金矿业,SH601899,有色金属
东方电气,SH600875,电气设备
高伟达,SZ300465,计算机
海虹控股,SZ000503,医药生物
信息发展,SZ300469,计算机
华胜天成,SH600410,计算机
华策影视,SZ300133,传媒
潍柴动力,SZ000338,汽车
百联股份,SH600827,商业贸易
紫光股份,SZ000938,计算机
万马股份,SZ002276,电气设备
酒钢宏兴,SH600307,钢铁
海油工程,SH600583,采掘
游久游戏,SH600652,传媒
北大医药,SZ000788,医药生物
吉电股份,SZ000875,公用事业
新开源,SZ300109,化工
招商蛇口,SZ001979,房地产
匹凸匹,SH600696,房地产
欣旺达,SZ300207,电子
青岛啤酒,SH600600,食品饮料
上海凤凰,SH600679,汽车
嘉凯城,SZ000918,房地产
江特电机,SZ002176,电气设备
亿纬锂能,SZ300014,电子
鲁泰A,SZ000726,纺织服装
浙能电力,SH600023,公用事业
江苏银行,SH600919,银行
承德露露,SZ000848,食品饮料
许继电气,SZ000400,电气设备
光明乳业,SH600597,食品饮料
华工科技,SZ000988,电子
神州信息,SZ000555,计算机
一汽轿车,SZ000800,汽车
海德股份,SZ000567,房地产
中国国航,SH601111,交通运输
朗玛信息,SZ300288,传媒
东北证券,SZ000686,非银金融
九鼎投资,SH600053,综合
洪都航空,SH600316,国防军工
亚盛集团,SH600108,农林牧渔
*ST山水,SH600234,综合
深深宝A,SZ000019,食品饮料
雏鹰农牧,SZ002477,农林牧渔
光环新网,SZ300383,传媒
世纪游轮,SZ002558,休闲服务
超图软件,SZ300036,计算机
顺鑫农业,SZ000860,食品饮料
同力水泥,SZ000885,建筑材料
上港集团,SH600018,交通运输
蒙草生态,SZ300355,建筑装饰
ST慧球,SH600556,综合
富瑞特装,SZ300228,机械设备
润和软件,SZ300339,计算机
中科曙光,SH603019,计算机
奥瑞金,SZ002701,轻工制造
深天马A,SZ000050,电子
金科股份,SZ000656,房地产
金轮股份,SZ002722,机械设备
国民技术,SZ300077,电子
*ST五稀,SZ000831,有色金属
石化油服,SH600871,采掘
大恒科技,SH600288,电子
爱施德,SZ002416,商业贸易
晋西车轴,SH600495,机械设备
华东医药,SZ000963,医药生物
联创电子,SZ002036,电子
龙生股份,SZ002625,汽车
新开普,SZ300248,计算机
北京君正,SZ300223,电子
科恒股份,SZ300340,电子
金刚玻璃,SZ300093,建筑材料
和而泰,SZ002402,电子
中天城投,SZ000540,房地产
博雅生物,SZ300294,医药生物
先导智能,SZ300450,机械设备
岭南园林,SZ002717,建筑装饰
汇金股份,SZ300368,计算机
辉隆股份,SZ002556,化工
上海电力,SH600021,公用事业
泰格医药,SZ300347,医药生物
新宙邦,SZ300037,化工
钱江水利,SH600283,公用事业
界龙实业,SH600836,轻工制造
浙江世宝,SZ002703,汽车
安信信托,SH600816,非银金融
财信发展,SZ000838,房地产
国中水务,SH600187,公用事业
中金岭南,SZ000060,有色金属
银江股份,SZ300020,计算机
长航凤凰,SZ000520,交通运输
苏大维格,SZ300331,电子
安科生物,SZ300009,医药生物
新兴铸管,SZ000778,钢铁
亿帆医药,SZ002019,医药生物
上海石化,SH600688,化工
三元达,SZ002417,通信
新疆城建,SH600545,建筑装饰
华闻传媒,SZ000793,传媒
汉王科技,SZ002362,计算机
金固股份,SZ002488,汽车
江中药业,SH600750,医药生物
海伦钢琴,SZ300329,轻工制造
扬农化工,SH600486,化工
外高桥,SH600648,房地产
数字政通,SZ300075,计算机
兰生股份,SH600826,商业贸易
豫园商城,SH600655,商业贸易
山西汾酒,SH600809,食品饮料
新时达,SZ002527,电气设备
科大智能,SZ300222,电气设备
科陆电子,SZ002121,电气设备
三诺生物,SZ300298,医药生物
证通电子,SZ002197,计算机
河钢股份,SZ000709,钢铁
威孚高科,SZ000581,汽车
中航动控,SZ000738,国防军工
飞天诚信,SZ300386,计算机
天音控股,SZ000829,商业贸易
西藏矿业,SZ000762,采掘
万孚生物,SZ300482,医药生物
中国电影,SH600977,传媒
远大控股,SZ000626,商业贸易
可立克,SZ002782,电子
星辉娱乐,SZ300043,传媒
兆新股份,SZ002256,化工
中船防务,SH600685,国防军工
中通客车,SZ000957,汽车
动力源,SH600405,电气设备
东方日升,SZ300118,电气设备
星星科技,SZ300256,电子
中国西电,SH601179,电气设备
金科娱乐,SZ300459,化工
杉杉股份,SH600884,综合
中天科技,SH600522,通信
中国中期,SZ000996,汽车
绿盟科技,SZ300369,计算机
得润电子,SZ002055,电子
来伊份,SH603777,食品饮料
浪潮软件,SH600756,计算机
步步高,SZ002251,商业贸易
莱茵体育,SZ000558,房地产
拓尔思,SZ300229,计算机
康缘药业,SH600557,医药生物
上海机场,SH600009,交通运输
大众交通,SH600611,交通运输
戴维医疗,SZ300314,医药生物
水井坊,SH600779,食品饮料
海天味业,SH603288,食品饮料
驰宏锌锗,SH600497,有色金属
宁波港,SH601018,交通运输
红日药业,SZ300026,医药生物
上海莱士,SZ002252,医药生物
舒泰神,SZ300204,医药生物
天津港,SH600717,交通运输
龙头股份,SH600630,纺织服装
宝塔实业,SZ000595,机械设备
优博讯,SZ300531,通信
顺络电子,SZ002138,电子
雷曼股份,SZ300162,电子
连云港,SH601008,交通运输
德赛电池,SZ000049,电子
长江投资,SH600119,交通运输
圆通速递,SH600233,交通运输
人福医药,SH600079,医药生物
中科云网,SZ002306,休闲服务
大连港,SH601880,交通运输
高鸿股份,SZ000851,通信
万邦达,SZ300055,公用事业
宏源证券,SZ000562,非银金融
泸天化,SZ000912,化工
永太科技,SZ002326,化工
通合科技,SZ300491,电气设备
徐工机械,SZ000425,机械设备
中远海特,SH600428,交通运输
东风汽车,SH600006,汽车
方大炭素,SH600516,有色金属
科融环境,SZ300152,公用事业
以岭药业,SZ002603,医药生物
广晟有色,SH600259,有色金属
航天科技,SZ000901,机械设备
中远海能,SH600026,交通运输
雪迪龙,SZ002658,机械设备
新和成,SZ002001,医药生物
航天信息,SH600271,计算机
越秀金控,SZ000987,商业贸易
牧原股份,SZ002714,农林牧渔
中航黑豹,SH600760,国防军工
绿地控股,SH600606,房地产
中央商场,SH600280,商业贸易
东方国信,SZ300166,计算机
中航光电,SZ002179,电子
中电鑫龙,SZ002298,电气设备
神州数码,SZ000034,农林牧渔
万润股份,SZ002643,化工
隧道股份,SH600820,建筑装饰
太安堂,SZ002433,医药生物
豫光金铅,SH600531,有色金属
万家文化,SH600576,传媒
古井贡酒,SZ000596,食品饮料
振芯科技,SZ300101,国防军工
乐普医疗,SZ300003,医药生物
青青稞酒,SZ002646,食品饮料
广汽集团,SH601238,汽车
菲达环保,SH600526,机械设备
三夫户外,SZ002780,纺织服装
九州通,SH600998,医药生物
永泰能源,SH600157,采掘
ST生化,SZ000403,医药生物
中弘股份,SZ000979,房地产
锦江股份,SH600754,休闲服务
全志科技,SZ300458,电子
江苏有线,SH600959,传媒
特锐德,SZ300001,电气设备
厦门钨业,SH600549,有色金属
誉衡药业,SZ002437,医药生物
赛为智能,SZ300044,计算机
厦门国贸,SH600755,商业贸易
昆药集团,SH600422,医药生物
环能科技,SZ300425,公用事业
国投安信,SH600061,非银金融
河北宣工,SZ000923,机械设备
市北高新,SH600604,房地产
海越股份,SH600387,化工
龙净环保,SH600388,机械设备
沃尔核材,SZ002130,有色金属
柘中股份,SZ002346,建筑材料
乐金健康,SZ300247,家用电器
万福生科,SZ300268,农林牧渔
北新路桥,SZ002307,建筑装饰
荣盛发展,SZ002146,房地产
洽洽食品,SZ002557,食品饮料
信雅达,SH600571,计算机
卫士通,SZ002268,计算机
瑞茂通,SH600180,交通运输
盐湖股份,SZ000792,化工
蓝海华腾,SZ300484,电气设备
雷柏科技,SZ002577,计算机
上海新阳,SZ300236,化工
梅花生物,SH600873,农林牧渔
智慧农业,SZ000816,机械设备
彩虹股份,SH600707,电子
三七互娱,SZ002555,传媒
天玑科技,SZ300245,计算机
二三四五,SZ002195,计算机
佛塑科技,SZ000973,化工
齐翔腾达,SZ002408,化工
首创股份,SH600008,公用事业
洛阳钼业,SH603993,有色金属
中利集团,SZ002309,电气设备
沙隆达A,SZ000553,化工
成发科技,SH600391,国防军工
三全食品,SZ002216,食品饮料
赤峰黄金,SH600988,有色金属
罗平锌电,SZ002114,有色金属
曙光股份,SH600303,汽车
皇氏集团,SZ002329,食品饮料
科华生物,SZ002022,医药生物
光华科技,SZ002741,化工
中国软件,SH600536,计算机
未名医药,SZ002581,医药生物
欧比特,SZ300053,电子
东方雨虹,SZ002271,建筑材料
盛屯矿业,SH600711,有色金属
北京城建,SH600266,房地产
中国动力,SH600482,汽车
佳都科技,SH600728,计算机
瑞泰科技,SZ002066,建筑材料
龙蟒佰利,SZ002601,化工
浙富控股,SZ002266,电气设备
晋亿实业,SH601002,机械设备
烽火通信,SH600498,通信
华润三九,SZ000999,医药生物
隆平高科,SZ000998,农林牧渔
古越龙山,SH600059,食品饮料
广州发展,SH600098,公用事业
汉得信息,SZ300170,计算机
埃斯顿,SZ002747,机械设备
宜华生活,SH600978,轻工制造
友阿股份,SZ002277,商业贸易
利达光电,SZ002189,电子
赛摩电气,SZ300466,电气设备
西山煤电,SZ000983,采掘
力帆股份,SH601777,汽车
中国国旅,SH601888,休闲服务
北方导航,SH600435,国防军工
北陆药业,SZ300016,医药生物
中直股份,SH600038,国防军工
波导股份,SH600130,通信
万安科技,SZ002590,汽车
天成控股,SH600112,电气设备
武钢股份,SH600005,钢铁
云海金属,SZ002182,有色金属
英力特,SZ000635,化工
跨境通,SZ002640,纺织服装
沃森生物,SZ300142,医药生物
新文化,SZ300336,传媒
马应龙,SH600993,医药生物
中航电子,SH600372,国防军工
东方通,SZ300379,计算机
智云股份,SZ300097,机械设备
中国医药,SH600056,医药生物
东华软件,SZ002065,计算机
华能国际,SH600011,公用事业
北信源,SZ300352,计算机
*ST吉恩,SH600432,有色金属
任子行,SZ300311,计算机
万里石,SZ002785,建筑材料
拓维信息,SZ002261,传媒
红旗连锁,SZ002697,商业贸易
西部黄金,SH601069,有色金属
一心堂,SZ002727,医药生物
昌九生化,SH600228,化工
华仁药业,SZ300110,医药生物
远光软件,SZ002063,计算机
鲁抗医药,SH600789,医药生物
上海九百,SH600838,商业贸易
国睿科技,SH600562,国防军工
立思辰,SZ300010,计算机
中煤能源,SH601898,采掘
索菲亚,SZ002572,轻工制造
贵州百灵,SZ002424,医药生物
庞大集团,SH601258,汽车
佳电股份,SZ000922,电气设备
石基信息,SZ002153,计算机
博瑞传播,SH600880,传媒
世纪星源,SZ000005,房地产
华域汽车,SH600741,汽车
天润数娱,SZ002113,综合
嘉麟杰,SZ002486,纺织服装
福田汽车,SH600166,汽车
城投控股,SH600649,房地产
*ST钒钛,SZ000629,采掘
航天长峰,SH600855,计算机
易华录,SZ300212,计算机
科泰电源,SZ300153,电气设备
华平股份,SZ300074,计算机
南京港,SZ002040,交通运输
太平洋,SH601099,非银金融
浙江永强,SZ002489,轻工制造
露笑科技,SZ002617,电气设备
中路股份,SH600818,综合
威创股份,SZ002308,计算机
江铃汽车,SZ000550,汽车
深圳华强,SZ000062,商业贸易
中国化学,SH601117,建筑装饰
方正科技,SH600601,计算机
宝德股份,SZ300023,非银金融
GQY视讯,SZ300076,电子
西仪股份,SZ002265,汽车
中海达,SZ300177,计算机
长盈精密,SZ300115,电子
恒信移动,SZ300081,通信
快乐购,SZ300413,商业贸易
上峰水泥,SZ000672,建筑材料
兴蓉环境,SZ000598,公用事业
利源精制,SZ002501,有色金属
国际医学,SZ000516,商业贸易
湖南天雁,SH600698,汽车
建发股份,SH600153,交通运输
力合股份,SZ000532,电子
外运发展,SH600270,交通运输
*ST烯碳,SZ000511,有色金属
华侨城A,SZ000069,房地产
盛和资源,SH600392,有色金属
华数传媒,SZ000156,传媒
诺普信,SZ002215,化工
渤海金控,SZ000415,非银金融
老白干酒,SH600559,食品饮料
海宁皮城,SZ002344,商业贸易
强生控股,SH600662,交通运输
深圳惠程,SZ002168,电气设备
罗顿发展,SH600209,建筑装饰
天润乳业,SH600419,综合
铁龙物流,SH600125,交通运输
运盛医疗,SH600767,医药生物
七匹狼,SZ002029,纺织服装
重庆啤酒,SH600132,食品饮料
泰山石油,SZ000554,化工
广联达,SZ002410,计算机
新湖中宝,SH600208,房地产
王府井,SH600859,商业贸易
中科三环,SZ000970,有色金属
安居宝,SZ300155,计算机
奥拓电子,SZ002587,电子
华天科技,SZ002185,电子
汉威电子,SZ300007,机械设备
景兴纸业,SZ002067,轻工制造
西藏城投,SH600773,房地产
华锦股份,SZ000059,化工
中信重工,SH601608,机械设备
温氏股份,SZ300498,农林牧渔
新国都,SZ300130,计算机
*ST金瑞,SH600390,有色金属
濮阳惠成,SZ300481,化工
大连友谊,SZ000679,商业贸易
三力士,SZ002224,化工
哈尔斯,SZ002615,轻工制造
*ST宇顺,SZ002289,电子
广誉远,SH600771,医药生物
爱建集团,SH600643,非银金融
南宁糖业,SZ000911,农林牧渔
视觉中国,SZ000681,传媒
深振业A,SZ000006,采掘
同洲电子,SZ002052,家用电器
晨鸣纸业,SZ000488,轻工制造
文峰股份,SH601010,商业贸易
华发股份,SH600325,房地产
天源迪科,SZ300047,计算机
中原高速,SH600020,交通运输
紫光学大,SZ000526,房地产
金发科技,SH600143,化工
立讯精密,SZ002475,电子
神雾环保,SZ300156,公用事业
亚玛顿,SZ002623,建筑材料
光力科技,SZ300480,机械设备
中成股份,SZ000151,商业贸易
兰石重装,SH603169,机械设备
美好置业,SZ000667,房地产
福瑞股份,SZ300049,医药生物
博世科,SZ300422,公用事业
长春一东,SH600148,汽车
申通快递,SZ002468,交通运输
智慧能源,SH600869,电气设备
高新兴,SZ300098,通信
上海机电,SH600835,机械设备
京天利,SZ300399,计算机
国药股份,SH600511,医药生物
紫鑫药业,SZ002118,医药生物
浙江东日,SH600113,综合
*ST盈方,SZ000670,电子
锌业股份,SZ000751,有色金属
两面针,SH600249,化工
南京高科,SH600064,房地产
省广股份,SZ002400,传媒
大东南,SZ002263,化工
东方网力,SZ300367,计算机
浦东金桥,SH600639,房地产
中葡股份,SH600084,食品饮料
三川智慧,SZ300066,机械设备
潞安环能,SH601699,采掘
铜陵有色,SZ000630,有色金属
黔源电力,SZ002039,公用事业
三丰智能,SZ300276,机械设备
报喜鸟,SZ002154,纺织服装
广电网络,SH600831,传媒
亚星锚链,SH601890,国防军工
广电运通,SZ002152,计算机
蓝盾股份,SZ300297,计算机
尔康制药,SZ300267,医药生物
洪涛股份,SZ002325,建筑装饰
达实智能,SZ002421,计算机
航天电子,SH600879,国防军工
通富微电,SZ002156,电子
银禧科技,SZ300221,化工
上海三毛,SH600689,纺织服装
上海科技,SH600608,钢铁
唐德影视,SZ300426,传媒
通鼎互联,SZ002491,通信
芭田股份,SZ002170,化工
中恒电气,SZ002364,电气设备
中国核建,SH601611,建筑装饰
渝开发,SZ000514,房地产
慈文传媒,SZ002343,传媒
佛山照明,SZ000541,电子
抚顺特钢,SH600399,钢铁
石大胜华,SH603026,化工
银鸽投资,SH600069,轻工制造
中储股份,SH600787,交通运输
深圳能源,SZ000027,公用事业
海特高新,SZ002023,国防军工
先河环保,SZ300137,公用事业
铁汉生态,SZ300197,建筑装饰
威华股份,SZ002240,轻工制造
上海凯宝,SZ300039,医药生物
华邦健康,SZ002004,化工
康恩贝,SH600572,医药生物
国药一致,SZ000028,医药生物
新华医疗,SH600587,医药生物
山大华特,SZ000915,医药生物
英唐智控,SZ300131,电子
安泰科技,SZ000969,有色金属
软控股份,SZ002073,机械设备
莱宝高科,SZ002106,电子
泛海控股,SZ000046,房地产
华力创通,SZ300045,计算机
中泰化学,SZ002092,化工
华谊集团,SH600623,化工
盛路通信,SZ002446,通信
*ST沧大,SH600230,化工
诺德股份,SH600110,电气设备
福晶科技,SZ002222,电子
浙江医药,SH600216,医药生物
劲胜精密,SZ300083,电子
德豪润达,SZ002005,电子
方正电机,SZ002196,电气设备
华中数控,SZ300161,机械设备
航天通信,SH600677,国防军工
森源电气,SZ002358,电气设备
我武生物,SZ300357,医药生物
中国武夷,SZ000797,房地产
小天鹅A,SZ000418,家用电器
南洋科技,SZ002389,电子
保千里,SH600074,电子
天和防务,SZ300397,机械设备
远达环保,SH600292,公用事业
南都电源,SZ300068,电气设备
榕基软件,SZ002474,计算机
华电国际,SH600027,公用事业
青松建化,SH600425,建筑材料
创业软件,SZ300451,计算机
正邦科技,SZ002157,农林牧渔
和顺电气,SZ300141,电气设备
中工国际,SZ002051,建筑装饰
苏宁环球,SZ000718,房地产
新南洋,SH600661,传媒
中航重机,SH600765,机械设备
健民集团,SH600976,医药生物
ST华泽,SZ000693,有色金属
长城电脑,SZ000066,计算机
鄂武商A,SZ000501,商业贸易
苏州固锝,SZ002079,电子
亿晶光电,SH600537,电气设备
天神娱乐,SZ002354,传媒
川金诺,SZ300505,化工
北京文化,SZ000802,传媒
天龙光电,SZ300029,电气设备
粤传媒,SZ002181,传媒
深深房A,SZ000029,房地产
云天化,SH600096,化工
神州泰岳,SZ300002,计算机
中航机电,SZ002013,国防军工
*ST神火,SZ000933,有色金属
金路集团,SZ000510,化工
新城控股,SH601155,房地产
冀东水泥,SZ000401,建筑材料
巨化股份,SH600160,化工
利欧股份,SZ002131,传媒
中化国际,SH600500,化工
秦川机床,SZ000837,机械设备
康力电梯,SZ002367,机械设备
北方华创,SZ002371,电子
华讯方舟,SZ000687,通信
莎普爱思,SH603168,医药生物
巴安水务,SZ300262,公用事业
昊志机电,SZ300503,机械设备
兖州煤业,SH600188,采掘
光迅科技,SZ002281,通信
太阳电缆,SZ002300,电气设备
巨星科技,SZ002444,机械设备
博彦科技,SZ002649,计算机
永艺股份,SH603600,轻工制造
*ST昆机,SH600806,机械设备
巴士在线,SZ002188,电子
长城动漫,SZ000835,传媒
山西焦化,SH600740,采掘
鼎龙股份,SZ300054,化工
鄂尔多斯,SH600295,采掘
东方锆业,SZ002167,有色金属
星网锐捷,SZ002396,通信
中信海直,SZ000099,交通运输
西藏旅游,SH600749,休闲服务
江苏神通,SZ002438,机械设备
蓝思科技,SZ300433,电子
思创医惠,SZ300078,电子
上海物贸,SH600822,商业贸易
邦宝益智,SH603398,轻工制造
长白山,SH603099,休闲服务
美盛文化,SZ002699,纺织服装
罗牛山,SZ000735,农林牧渔
美盈森,SZ002303,轻工制造
长亮科技,SZ300348,计算机
宏磊股份,SZ002647,机械设备
向日葵,SZ300111,电气设备
新亚制程,SZ002388,电子
翰宇药业,SZ300199,医药生物
克明面业,SZ002661,食品饮料
数源科技,SZ000909,房地产
天喻信息,SZ300205,通信
春秋航空,SH601021,交通运输
新力金融,SH600318,建筑材料
福建金森,SZ002679,农林牧渔
读者传媒,SH603999,传媒
新黄浦,SH600638,房地产
苏泊尔,SZ002032,家用电器
凤凰传媒,SH601928,传媒
歌华有线,SH600037,传媒
罗莱生活,SZ002293,纺织服装
海王生物,SZ000078,医药生物
维尔利,SZ300190,公用事业
云南能投,SZ002053,化工
兆日科技,SZ300333,计算机
金一文化,SZ002721,轻工制造
上海银行,SH601229,银行
东富龙,SZ300171,医药生物
中色股份,SZ000758,有色金属
焦作万方,SZ000612,有色金属
上海建工,SH600170,建筑装饰
丽珠集团,SZ000513,医药生物
金运激光,SZ300220,电子
天通股份,SH600330,有色金属
张家港行,SZ002839,银行
环旭电子,SH601231,电子
聚光科技,SZ300203,公用事业
鞍钢股份,SZ000898,钢铁
华鹏飞,SZ300350,交通运输
沱牌舍得,SH600702,食品饮料
世名科技,SZ300522,化工
*ST中特,SZ002423,机械设备
全聚德,SZ002186,休闲服务
安妮股份,SZ002235,轻工制造
蓝光发展,SH600466,房地产
宜安科技,SZ300328,电子
重庆港九,SH600279,交通运输
海源机械,SZ002529,机械设备
乐通股份,SZ002319,化工
江苏国泰,SZ002091,商业贸易
景嘉微,SZ300474,国防军工
御银股份,SZ002177,计算机
航天机电,SH600151,电气设备
欢瑞世纪,SZ000892,传媒
万向德农,SH600371,农林牧渔
五矿发展,SH600058,商业贸易
吉峰农机,SZ300022,商业贸易
宜通世纪,SZ300310,通信
北方创业,SH600967,机械设备
东方网络,SZ002175,传媒
北新建材,SZ000786,建筑材料
高德红外,SZ002414,电子
象屿股份,SH600057,交通运输
永清环保,SZ300187,公用事业
中炬高新,SH600872,食品饮料
大同煤业,SH601001,采掘
珠海港,SZ000507,交通运输
东土科技,SZ300353,通信
鹏欣资源,SH600490,有色金属
凯瑞德,SZ002072,纺织服装
恺英网络,SZ002517,传媒
山东地矿,SZ000409,采掘
理邦仪器,SZ300206,医药生物
久立特材,SZ002318,钢铁
国统股份,SZ002205,建筑材料
金龙汽车,SH600686,汽车
航天动力,SH600343,国防军工
*ST博元,SH600656,公用事业
新海宜,SZ002089,通信
科远股份,SZ002380,计算机
时代新材,SH600458,化工
姚记扑克,SZ002605,轻工制造
晶方科技,SH603005,电子
苏州高新,SH600736,房地产
拓邦股份,SZ002139,电子
青岛金王,SZ002094,轻工制造
广深铁路,SH601333,交通运输
贵研铂业,SH600459,有色金属
*ST钱江,SZ000913,汽车
台海核电,SZ002366,机械设备
新华联,SZ000620,房地产
浙大网新,SH600797,计算机
滨江集团,SZ002244,房地产
吴通控股,SZ300292,通信
邦讯技术,SZ300312,通信
华鑫股份,SH600621,房地产
东莞控股,SZ000828,交通运输
杭萧钢构,SH600477,建筑装饰
智慧松德,SZ300173,机械设备
辉丰股份,SZ002496,化工
深科技,SZ000021,计算机
泰达股份,SZ000652,综合
海伦哲,SZ300201,机械设备
骅威文化,SZ002502,传媒
凯迪生态,SZ000939,公用事业
东北电气,SZ000585,电气设备
华铁科技,SH603300,非银金融
银信科技,SZ300231,计算机
华安证券,SH600909,非银金融
捷顺科技,SZ002609,计算机
江南化工,SZ002226,化工
必康股份,SZ002411,医药生物
三爱富,SH600636,化工
民和股份,SZ002234,农林牧渔
东江环保,SZ002672,公用事业
博实股份,SZ002698,机械设备
江粉磁材,SZ002600,有色金属
林洋能源,SH601222,电气设备
仙坛股份,SZ002746,农林牧渔
金正大,SZ002470,化工
花园生物,SZ300401,医药生物
重庆百货,SH600729,商业贸易
中文传媒,SH600373,传媒
中国巨石,SH600176,化工
三维丝,SZ300056,公用事业
三峡水利,SH600116,公用事业
千方科技,SZ002373,计算机
营口港,SH600317,交通运输
英洛华,SZ000795,有色金属
大西洋,SH600558,机械设备
冠豪高新,SH600433,轻工制造
海航投资,SZ000616,房地产
海能达,SZ002583,通信
天泽信息,SZ300209,计算机
华锐风电,SH601558,电气设备
中安消,SH600654,计算机
综艺股份,SH600770,综合
冀中能源,SZ000937,采掘
美达股份,SZ000782,化工
*ST商城,SH600306,商业贸易
劲嘉股份,SZ002191,轻工制造
沙钢股份,SZ002075,钢铁
凯莱英,SZ002821,医药生物
亿阳信通,SH600289,通信
圣农发展,SZ002299,农林牧渔
一汽夏利,SZ000927,汽车
腾信股份,SZ300392,传媒
金利科技,SZ002464,化工
国投中鲁,SH600962,农林牧渔
太极集团,SH600129,医药生物
韩建河山,SH603616,建筑材料
徐家汇,SZ002561,商业贸易
北纬通信,SZ002148,传媒
四川金顶,SH600678,建筑材料
天舟文化,SZ300148,传媒
新华都,SZ002264,商业贸易
首钢股份,SZ000959,钢铁
斯太尔,SZ000760,汽车
长园集团,SH600525,电气设备
四创电子,SH600990,国防军工
奥马电器,SZ002668,家用电器
东湖高新,SH600133,综合
准油股份,SZ002207,采掘
号百控股,SH600640,休闲服务
益生股份,SZ002458,农林牧渔
一拖股份,SH601038,机械设备
华测检测,SZ300012,综合
鹿港文化,SH601599,纺织服装
凯利泰,SZ300326,医药生物
丝路视觉,SZ300556,计算机
安诺其,SZ300067,化工
云铝股份,SZ000807,有色金属
合众思壮,SZ002383,计算机
莱美药业,SZ300006,医药生物
宁波华翔,SZ002048,汽车
深物业A,SZ000011,房地产
凯撒旅游,SZ000796,休闲服务
天马股份,SZ002122,机械设备
禾盛新材,SZ002290,家用电器
富安娜,SZ002327,纺织服装
桂发祥,SZ002820,食品饮料
捷成股份,SZ300182,计算机
天茂集团,SZ000627,化工
振华重工,SH600320,机械设备
明家联合,SZ300242,传媒
西部建设,SZ002302,建筑材料
东软载波,SZ300183,电子
豪迈科技,SZ002595,机械设备
银河生物,SZ000806,电气设备
江山股份,SH600389,化工
雪人股份,SZ002639,机械设备
奥瑞德,SH600666,电子
农产品,SZ000061,商业贸易
梦网荣信,SZ002123,电气设备
正泰电器,SH601877,电气设备
维宏股份,SZ300508,计算机
东港股份,SZ002117,轻工制造
久其软件,SZ002279,计算机
天虹商场,SZ002419,商业贸易
信隆健康,SZ002105,汽车
宁波韵升,SH600366,有色金属
*ST河化,SZ000953,化工
华录百纳,SZ300291,传媒
亚厦股份,SZ002375,建筑装饰
天龙集团,SZ300063,传媒
山鹰纸业,SH600567,轻工制造
九洲电气,SZ300040,电气设备
洲明科技,SZ300232,电子
汉缆股份,SZ002498,电气设备
佳创视讯,SZ300264,计算机
中航地产,SZ000043,房地产
湖南发展,SZ000722,公用事业
中原证券,SH601375,非银金融
山河药辅,SZ300452,医药生物
广生堂,SZ300436,医药生物
阳光城,SZ000671,房地产
宗申动力,SZ001696,汽车
盛达矿业,SZ000603,有色金属
国电南自,SH600268,电气设备
中核钛白,SZ002145,化工
涪陵榨菜,SZ002507,食品饮料
钢研高纳,SZ300034,机械设备
中新药业,SH600329,医药生物
青海春天,SH600381,食品饮料
安徽水利,SH600502,建筑装饰
利君股份,SZ002651,机械设备
英飞拓,SZ002528,计算机
上海贝岭,SH600171,电子
鲍斯股份,SZ300441,机械设备
亚星化学,SH600319,化工
好当家,SH600467,农林牧渔
深康佳A,SZ000016,家用电器
积成电子,SZ002339,电气设备
漫步者,SZ002351,电子
三钢闽光,SZ002110,钢铁
康强电子,SZ002119,电子
中材国际,SH600970,建筑装饰
天奇股份,SZ002009,机械设备
上工申贝,SH600843,机械设备
迅游科技,SZ300467,通信
赢合科技,SZ300457,机械设备
光电股份,SH600184,国防军工
一汽富维,SH600742,汽车
双象股份,SZ002395,化工
益佰制药,SH600594,医药生物
亿利洁能,SH600277,综合
德尔未来,SZ002631,轻工制造
尚荣医疗,SZ002551,医药生物
太钢不锈,SZ000825,钢铁
宏图高科,SH600122,商业贸易
梅泰诺,SZ300038,通信
兴森科技,SZ002436,电子
宝色股份,SZ300402,机械设备
康芝药业,SZ300086,医药生物
厦门港务,SZ000905,交通运输
恩华药业,SZ002262,医药生物
东华能源,SZ002221,化工
丹邦科技,SZ002618,电子
云投生态,SZ002200,建筑装饰
延华智能,SZ002178,建筑装饰
永和智控,SZ002795,建筑材料
莲花健康,SH600186,食品饮料
光韵达,SZ300227,电子
汉鼎宇佑,SZ300300,计算机
金马股份,SZ000980,汽车
华联股份,SZ000882,商业贸易
悦心健康,SZ002162,建筑材料
胜利精密,SZ002426,机械设备
登海种业,SZ002041,农林牧渔
超华科技,SZ002288,电子
华润双鹤,SH600062,医药生物
电科院,SZ300215,电气设备
友邦吊顶,SZ002718,建筑材料
中潜股份,SZ300526,纺织服装
华菱钢铁,SZ000932,钢铁
海普瑞,SZ002399,医药生物
金隅股份,SH601992,建筑材料
西水股份,SH600291,非银金融
复旦复华,SH600624,综合
漳泽电力,SZ000767,公用事业
江阴银行,SZ002807,银行
中船科技,SH600072,国防军工
猛狮科技,SZ002684,汽车
蓝英装备,SZ300293,机械设备
航天发展,SZ000547,通信
生益科技,SH600183,电子
大连电瓷,SZ002606,电气设备
东方集团,SH600811,综合
江苏舜天,SH600287,商业贸易
海印股份,SZ000861,商业贸易
宝泰隆,SH601011,采掘
*ST天仪,SZ000710,汽车
溢多利,SZ300381,医药生物
湖北能源,SZ000883,公用事业
同有科技,SZ300302,计算机
天海投资,SH600751,交通运输
湖南黄金,SZ002155,有色金属
新易盛,SZ300502,电子
三六五网,SZ300295,传媒
朗姿股份,SZ002612,纺织服装
中兵红箭,SZ000519,有色金属
中新科技,SH603996,家用电器
飞乐音响,SH600651,电子
信质电机,SZ002664,汽车
大洋电机,SZ002249,电气设备
新华百货,SH600785,商业贸易
京新药业,SZ002020,医药生物
东凌国际,SZ000893,农林牧渔
贵人鸟,SH603555,纺织服装
内蒙华电,SH600863,公用事业
格力地产,SH600185,房地产
华峰氨纶,SZ002064,化工
银宝山新,SZ002786,机械设备
老百姓,SH603883,医药生物
慈星股份,SZ300307,机械设备
合肥城建,SZ002208,房地产
友利控股,SZ000584,化工
宏辉果蔬,SH603336,农林牧渔
万方发展,SZ000638,房地产
绿景控股,SZ000502,房地产
中国高科,SH600730,综合
锦富技术,SZ300128,电子
龙元建设,SH600491,建筑装饰
永贵电器,SZ300351,机械设备
世纪华通,SZ002602,汽车
创维数字,SZ000810,家用电器
通裕重工,SZ300185,机械设备
博晖创新,SZ300318,医药生物
燕塘乳业,SZ002732,食品饮料
中国银河,SH601881,非银金融
华星创业,SZ300025,通信
长城影视,SZ002071,传媒
春兴精工,SZ002547,电子
中南传媒,SH601098,传媒
陕西金叶,SZ000812,轻工制造
鼎汉技术,SZ300011,电气设备
天津磁卡,SH600800,电子
高澜股份,SZ300499,机械设备
创兴资源,SH600193,采掘
勤上股份,SZ002638,电子
美康生物,SZ300439,医药生物
昌红科技,SZ300151,机械设备
信达地产,SH600657,房地产
上海梅林,SH600073,食品饮料
中茵股份,SH600745,房地产
深华发A,SZ000020,电子
神思电子,SZ300479,计算机
千金药业,SH600479,医药生物
亚威股份,SZ002559,机械设备
润达医疗,SH603108,医药生物
柳工,SZ000528,机械设备
宏达新材,SZ002211,化工
启明信息,SZ002232,计算机
久远银海,SZ002777,计算机
亚夏汽车,SZ002607,汽车
日照港,SH600017,交通运输
世纪鼎利,SZ300050,通信
海澜之家,SH600398,纺织服装
安凯客车,SZ000868,汽车
中国嘉陵,SH600877,汽车
博腾股份,SZ300363,医药生物
华新水泥,SH600801,建筑材料
新安股份,SH600596,化工
奇正藏药,SZ002287,医药生物
西部矿业,SH601168,有色金属
金洲管道,SZ002443,钢铁
西安饮食,SZ000721,休闲服务
新纶科技,SZ002341,公用事业
四川九洲,SZ000801,家用电器
大豪科技,SH603025,电气设备
神开股份,SZ002278,机械设备
南天信息,SZ000948,计算机
湘电股份,SH600416,电气设备
保变电气,SH600550,电气设备
中超控股,SZ002471,电气设备
工大高新,SH600701,综合
国栋建设,SH600321,建筑材料
四川美丰,SZ000731,化工
智光电气,SZ002169,电气设备
福建水泥,SH600802,建筑材料
恒康医疗,SZ002219,医药生物
*ST八钢,SH600581,钢铁
飞利信,SZ300287,计算机
澳洋顺昌,SZ002245,交通运输
安纳达,SZ002136,化工
万润科技,SZ002654,电子
金新农,SZ002548,农林牧渔
广汇汽车,SH600297,汽车
新研股份,SZ300159,机械设备
天宸股份,SH600620,综合
美亚光电,SZ002690,机械设备
苏交科,SZ300284,建筑装饰
云图控股,SZ002539,化工
海马汽车,SZ000572,汽车
鑫科材料,SH600255,有色金属
吉艾科技,SZ300309,机械设备
深纺织A,SZ000045,电子
三五互联,SZ300051,计算机
通用股份,SH601500,化工
鸿利智汇,SZ300219,电子
绵石投资,SZ000609,房地产
红太阳,SZ000525,化工
盐田港,SZ000088,交通运输
山东矿机,SZ002526,机械设备
华远地产,SH600743,房地产
博敏电子,SH603936,电子
仁和药业,SZ000650,医药生物
得利斯,SZ002330,食品饮料
科华恒盛,SZ002335,电气设备
日海通讯,SZ002313,通信
中原内配,SZ002448,汽车
甘肃电投,SZ000791,公用事业
二六三,SZ002467,通信
置信电气,SH600517,电气设备
光明地产,SH600708,房地产
盾安环境,SZ002011,家用电器
*ST中发,SH600520,机械设备
新日恒力,SH600165,机械设备
申达股份,SH600626,纺织服装
宝钛股份,SH600456,有色金属
燕京啤酒,SZ000729,食品饮料
海利得,SZ002206,化工
青岛双星,SZ000599,化工
江泉实业,SH600212,综合
祁连山,SH600720,建筑材料
中航三鑫,SZ002163,建筑材料
华钰矿业,SH601020,有色金属
安源煤业,SH600397,采掘
哈药股份,SH600664,医药生物
振华科技,SZ000733,电子
老凤祥,SH600612,轻工制造
供销大集,SZ000564,商业贸易
伟星新材,SZ002372,建筑材料
信邦制药,SZ002390,医药生物
应流股份,SH603308,机械设备
莱茵生物,SZ002166,医药生物
西王食品,SZ000639,农林牧渔
新宁物流,SZ300013,交通运输
鲁银投资,SH600784,钢铁
中技控股,SH600634,综合
佳隆股份,SZ002495,食品饮料
山推股份,SZ000680,机械设备
富春通信,SZ300299,通信
山东钢铁,SH600022,钢铁
东方新星,SZ002755,建筑装饰
宝新能源,SZ000690,公用事业
中环装备,SZ300140,电气设备
富临精工,SZ300432,汽车
欧浦智网,SZ002711,交通运输
安彩高科,SH600207,综合
节能风电,SH601016,公用事业
利德曼,SZ300289,医药生物
西藏天路,SH600326,建筑装饰
东方金钰,SH600086,轻工制造
中水渔业,SZ000798,农林牧渔
皖能电力,SZ000543,公用事业
士兰微,SH600460,电子
同济科技,SH600846,综合
横店东磁,SZ002056,电子
华贸物流,SH603128,交通运输
恒顺醋业,SH600305,食品饮料
兴民智通,SZ002355,汽车
宜华健康,SZ000150,医药生物
隆鑫通用,SH603766,汽车
天瑞仪器,SZ300165,机械设备
联建光电,SZ300269,电子
华明装备,SZ002270,机械设备
宝鼎科技,SZ002552,机械设备
焦点科技,SZ002315,传媒
兴业矿业,SZ000426,有色金属
珈伟股份,SZ300317,电子
陕国投A,SZ000563,非银金融
法拉电子,SH600563,电子
达华智能,SZ002512,计算机
洲际油气,SH600759,采掘
坚瑞沃能,SZ300116,机械设备
恒力股份,SH600346,机械设备
海顺新材,SZ300501,轻工制造
江海股份,SZ002484,电子
天业股份,SH600807,房地产
大唐发电,SH601991,公用事业
宁夏建材,SH600449,建筑材料
尤夫股份,SZ002427,化工
天汽模,SZ002510,机械设备
汇顶科技,SH603160,电子
北特科技,SH603009,汽车
济川药业,SH600566,医药生物
大有能源,SH600403,采掘
香溢融通,SH600830,非银金融
海兰信,SZ300065,计算机
岭南控股,SZ000524,休闲服务
岳阳林纸,SH600963,轻工制造
旋极信息,SZ300324,计算机
智度股份,SZ000676,机械设备
华斯股份,SZ002494,纺织服装
中电电机,SH603988,电气设备
尤洛卡,SZ300099,机械设备
润欣科技,SZ300493,电子
武汉凡谷,SZ002194,通信
赛象科技,SZ002337,机械设备
*ST山煤,SH600546,采掘
大连重工,SZ002204,机械设备
中京电子,SZ002579,电子
宝莫股份,SZ002476,化工
华媒控股,SZ000607,传媒
雅百特,SZ002323,建筑材料
道明光学,SZ002632,化工
三维通信,SZ002115,通信
*ST煤气,SZ000968,采掘
粤水电,SZ002060,建筑装饰
喜临门,SH603008,轻工制造
华业资本,SH600240,房地产
华懋科技,SH603306,汽车
奥克股份,SZ300082,化工
仁智股份,SZ002629,采掘
多伦科技,SH603528,汽车
中华企业,SH600675,房地产
中银绒业,SZ000982,纺织服装
生物股份,SH600201,农林牧渔
麦趣尔,SZ002719,食品饮料
华宇软件,SZ300271,计算机
科士达,SZ002518,电气设备
长城信息,SZ000748,计算机
陕鼓动力,SH601369,机械设备
菲利华,SZ300395,有色金属
金浦钛业,SZ000545,化工
陕西煤业,SH601225,采掘
科大国创,SZ300520,计算机
三维工程,SZ002469,建筑装饰
首旅酒店,SH600258,休闲服务
初灵信息,SZ300250,通信
盘江股份,SH600395,采掘
冠城大通,SH600067,房地产
烟台冰轮,SZ000811,机械设备
鹏辉能源,SZ300438,电子
大禹节水,SZ300021,农林牧渔
华英农业,SZ002321,农林牧渔
金种子酒,SH600199,食品饮料
华微电子,SH600360,电子
白云机场,SH600004,交通运输
弘高创意,SZ002504,建筑装饰
桂东电力,SH600310,公用事业
山东墨龙,SZ002490,机械设备
乐凯胶片,SH600135,轻工制造
平庄能源,SZ000780,采掘
中基健康,SZ000972,农林牧渔
盛运环保,SZ300090,公用事业
京山轻机,SZ000821,机械设备
口子窖,SH603589,食品饮料
史丹利,SZ002588,化工
新北洋,SZ002376,计算机
晶盛机电,SZ300316,电气设备
津滨发展,SZ000897,房地产
兰花科创,SH600123,采掘
易联众,SZ300096,计算机
浙商中拓,SZ000906,钢铁
日发精机,SZ002520,机械设备
伟星股份,SZ002003,纺织服装
达刚路机,SZ300103,机械设备
鸿达兴业,SZ002002,化工
海鸥卫浴,SZ002084,轻工制造
深大通,SZ000038,传媒
大名城,SH600094,房地产
马钢股份,SH600808,钢铁
恒逸石化,SZ000703,化工
沃华医药,SZ002107,医药生物
巨力索具,SZ002342,机械设备
林州重机,SZ002535,机械设备
奥维通信,SZ002231,通信
欧亚集团,SH600697,商业贸易
金安国纪,SZ002636,电子
珠江钢琴,SZ002678,轻工制造
中珠医疗,SH600568,房地产
天目药业,SH600671,医药生物
井神股份,SH603299,化工
再升科技,SH603601,化工
中钢国际,SZ000928,建筑装饰
帝龙文化,SZ002247,轻工制造
华北制药,SH600812,医药生物
和邦生物,SH603077,化工
万东医疗,SH600055,医药生物
思美传媒,SZ002712,传媒
香雪制药,SZ300147,医药生物
楚天高速,SH600035,交通运输
凯乐科技,SH600260,综合
力源信息,SZ300184,电子
中顺洁柔,SZ002511,轻工制造
重庆水务,SH601158,公用事业
云南旅游,SZ002059,休闲服务
海量数据,SH603138,计算机
飞凯材料,SZ300398,化工
朗源股份,SZ300175,农林牧渔
诚志股份,SZ000990,医药生物
恒泰艾普,SZ300157,采掘
金达威,SZ002626,医药生物
三友化工,SH600409,化工
百大集团,SH600865,商业贸易
浦东建设,SH600284,建筑装饰
龙建股份,SH600853,建筑装饰
中南建设,SZ000961,房地产
阳泉煤业,SH600348,采掘
皖新传媒,SH601801,传媒
宁沪高速,SH600377,交通运输
劲拓股份,SZ300400,机械设备
石化机械,SZ000852,机械设备
贵糖股份,SZ000833,轻工制造
国际实业,SZ000159,化工
广博股份,SZ002103,轻工制造
锐奇股份,SZ300126,机械设备
太极股份,SZ002368,计算机
美晨科技,SZ300237,汽车
吉祥航空,SH603885,交通运输
览海投资,SH600896,交通运输
黑芝麻,SZ000716,食品饮料
蒙发利,SZ002614,家用电器
航天电器,SZ002025,电子
太阳纸业,SZ002078,轻工制造
迈克生物,SZ300463,医药生物
新能泰山,SZ000720,公用事业
恒邦股份,SZ002237,有色金属
宁波中百,SH600857,商业贸易
辰安科技,SZ300523,计算机
深赛格,SZ000058,商业贸易
宝钢包装,SH601968,轻工制造
亚宝药业,SH600351,医药生物
国旅联合,SH600358,休闲服务
金桥信息,SH603918,计算机
澳洋科技,SZ002172,化工
威海广泰,SZ002111,机械设备
巨轮智能,SZ002031,机械设备
山东华鹏,SH603021,轻工制造
南京医药,SH600713,医药生物
紫江企业,SH600210,轻工制造
国星光电,SZ002449,电子
兴发集团,SH600141,化工
金牛化工,SH600722,化工
创业环保,SH600874,公用事业
真视通,SZ002771,计算机
有研新材,SH600206,有色金属
红宇新材,SZ300345,机械设备
普邦股份,SZ002663,建筑装饰
宝硕股份,SH600155,化工
雪莱特,SZ002076,电子
韶能股份,SZ000601,公用事业
中山公用,SZ000685,公用事业
方直科技,SZ300235,计算机
大康农业,SZ002505,农林牧渔
华信国际,SZ002018,化工
天翔环境,SZ300362,机械设备
海航创新,SH600555,房地产
旗滨集团,SH601636,建筑材料
天沃科技,SZ002564,机械设备
中钨高新,SZ000657,有色金属
新华传媒,SH600825,传媒
渤海轮渡,SH603167,交通运输
星光农机,SH603789,机械设备
玉龙股份,SH601028,机械设备
金卡股份,SZ300349,机械设备
加加食品,SZ002650,食品饮料
美都能源,SH600175,综合
嘉事堂,SZ002462,医药生物
大华农,SZ300186,农林牧渔
四通股份,SH603838,轻工制造
丽江旅游,SZ002033,休闲服务
阳普医疗,SZ300030,医药生物
华映科技,SZ000536,电子
联创互联,SZ300343,传媒
安记食品,SH603696,食品饮料
当代明诚,SH600136,传媒
栋梁新材,SZ002082,建筑材料
司尔特,SZ002538,化工
鼎捷软件,SZ300378,计算机
森马服饰,SZ002563,纺织服装
四方精创,SZ300468,计算机
深中华A,SZ000017,汽车
巨龙管业,SZ002619,传媒
经纬纺机,SZ000666,非银金融
海思科,SZ002653,医药生物
皖江物流,SH600575,交通运输
南大光电,SZ300346,电子
昇兴股份,SZ002752,轻工制造
申能股份,SH600642,公用事业
云南锗业,SZ002428,有色金属
永安林业,SZ000663,轻工制造
泰合健康,SZ000790,医药生物
金洲慈航,SZ000587,轻工制造
乾照光电,SZ300102,电子
楚天科技,SZ300358,医药生物
神奇制药,SH600613,医药生物
常山药业,SZ300255,医药生物
华电能源,SH600726,公用事业
佳讯飞鸿,SZ300213,通信
印纪传媒,SZ002143,传媒
西藏发展,SZ000752,食品饮料
秀强股份,SZ300160,家用电器
北化股份,SZ002246,化工
东方创业,SH600278,商业贸易
同达创业,SH600647,房地产
北方国际,SZ000065,建筑装饰
惠而浦,SH600983,家用电器
南京化纤,SH600889,化工
海联讯,SZ300277,计算机
江南高纤,SH600527,化工
青龙管业,SZ002457,建筑材料
华东科技,SZ000727,电子
上海亚虹,SH603159,机械设备
佐力药业,SZ300181,医药生物
纳川股份,SZ300198,建筑材料
浩物股份,SZ000757,汽车
华银电力,SH600744,公用事业
三特索道,SZ002159,休闲服务
益丰药房,SH603939,医药生物
洪汇新材,SZ002802,化工
北辰实业,SH601588,房地产
皖通科技,SZ002331,计算机
伊力特,SH600197,食品饮料
万丰奥威,SZ002085,汽车
创意信息,SZ300366,计算机
海立美达,SZ002537,机械设备
唐人神,SZ002567,农林牧渔
浔兴股份,SZ002098,纺织服装
航天晨光,SH600501,机械设备
金禾实业,SZ002597,化工
超声电子,SZ000823,电子
新华制药,SZ000756,医药生物
合力泰,SZ002217,电子
上海临港,SH600848,房地产
南极电商,SZ002127,化工
中元股份,SZ300018,电气设备
深圳机场,SZ000089,交通运输
东信和平,SZ002017,通信
威龙股份,SH603779,食品饮料
麦达数字,SZ002137,电子
津膜科技,SZ300334,公用事业
英威腾,SZ002334,电气设备
惠博普,SZ002554,采掘
安德利,SH603031,食品饮料
杭电股份,SH603618,电气设备
新天科技,SZ300259,机械设备
杭钢股份,SH600126,钢铁
银轮股份,SZ002126,汽车
新农开发,SH600359,农林牧渔
国光电器,SZ002045,电子
迪瑞医疗,SZ300396,医药生物
山河智能,SZ002097,机械设备
新疆天业,SH600075,化工
兄弟科技,SZ002562,化工
湘潭电化,SZ002125,化工
联创光电,SH600363,电子
广济药业,SZ000952,医药生物
闽东电力,SZ000993,综合
天马精化,SZ002453,化工
卧龙电气,SH600580,电气设备
中材科技,SZ002080,化工
四环生物,SZ000518,医药生物
和晶科技,SZ300279,电子
兆驰股份,SZ002429,家用电器
珠海中富,SZ000659,轻工制造
南纺股份,SH600250,商业贸易
光正集团,SZ002524,建筑装饰
骆驼股份,SH601311,汽车
厦门信达,SZ000701,电子
海默科技,SZ300084,机械设备
红相电力,SZ300427,电气设备
首航节能,SZ002665,电气设备
富祥股份,SZ300497,医药生物
亚太科技,SZ002540,有色金属
东音股份,SZ002793,机械设备
开能环保,SZ300272,家用电器
哈高科,SH600095,房地产
乐心医疗,SZ300562,医药生物
国脉科技,SZ002093,通信
双塔食品,SZ002481,食品饮料
摩恩电气,SZ002451,电气设备
正海磁材,SZ300224,有色金属
同济堂,SH600090,食品饮料
盛天网络,SZ300494,传媒
国祯环保,SZ300388,公用事业
南风股份,SZ300004,机械设备
三变科技,SZ002112,电气设备
千红制药,SZ002550,医药生物
海天精工,SH601882,机械设备
曲美家居,SH603818,轻工制造
科林环保,SZ002499,机械设备
南京新百,SH600682,商业贸易
中油资本,SZ000617,机械设备
襄阳轴承,SZ000678,汽车
神州高铁,SZ000008,机械设备
桂冠电力,SH600236,公用事业
思源电气,SZ002028,电气设备
吉比特,SH603444,传媒
太极实业,SH600667,电子
海翔药业,SZ002099,医药生物
康尼机电,SH603111,机械设备
泰禾集团,SZ000732,房地产
大冷股份,SZ000530,机械设备
东方通信,SH600776,通信
北矿科技,SH600980,有色金属
实达集团,SH600734,房地产
光洋股份,SZ002708,汽车
宜昌交运,SZ002627,交通运输
雪浪环境,SZ300385,机械设备
中电环保,SZ300172,公用事业
龙力生物,SZ002604,农林牧渔
*ST韶钢,SZ000717,钢铁
精功科技,SZ002006,机械设备
康耐特,SZ300061,轻工制造
陕西黑猫,SH601015,采掘
银河磁体,SZ300127,有色金属
凌云股份,SH600480,汽车
隆基机械,SZ002363,汽车
江河集团,SH601886,建筑装饰
沙河股份,SZ000014,房地产
贝达药业,SZ300558,医药生物
天科股份,SH600378,化工
新五丰,SH600975,农林牧渔
凯盛科技,SH600552,建筑材料
凯龙股份,SZ002783,化工
华建集团,SH600629,建筑装饰
哈空调,SH600202,电气设备
众生药业,SZ002317,医药生物
沈阳化工,SZ000698,化工
轻纺城,SH600790,商业贸易
轴研科技,SZ002046,机械设备
艾比森,SZ300389,电子
南京熊猫,SH600775,通信
东易日盛,SZ002713,建筑装饰
海信科龙,SZ000921,家用电器
云煤能源,SH600792,采掘
江苏吴中,SH600200,综合
高升控股,SZ000971,通信
冠福股份,SZ002102,轻工制造
雅化集团,SZ002497,化工
金冠电气,SZ300510,电气设备
众兴菌业,SZ002772,农林牧渔
安科瑞,SZ300286,电气设备
粤电力A,SZ000539,公用事业
冠农股份,SH600251,农林牧渔
开创国际,SH600097,农林牧渔
现代制药,SH600420,医药生物
康欣新材,SH600076,轻工制造
珠江啤酒,SZ002461,食品饮料
博云新材,SZ002297,国防军工
中房地产,SZ000736,房地产
南华仪器,SZ300417,机械设备
敦煌种业,SH600354,农林牧渔
当代东方,SZ000673,传媒
高能环境,SH603588,公用事业
茂硕电源,SZ002660,电子
东风科技,SH600081,汽车
天健集团,SZ000090,房地产
九强生物,SZ300406,医药生物
四川路桥,SH600039,建筑装饰
中孚实业,SH600595,有色金属
多喜爱,SZ002761,纺织服装
广田集团,SZ002482,建筑装饰
全新好,SZ000007,休闲服务
京运通,SH601908,电气设备
索菱股份,SZ002766,计算机
厦工股份,SH600815,机械设备
炼石有色,SZ000697,有色金属
恒天海龙,SZ000677,化工
道氏技术,SZ300409,化工
浙江众成,SZ002522,轻工制造
东杰智能,SZ300486,机械设备
旷达科技,SZ002516,纺织服装
瑞贝卡,SH600439,轻工制造
广东甘化,SZ000576,轻工制造
齐星铁塔,SZ002359,电气设备
天邦股份,SZ002124,农林牧渔
阳煤化工,SH600691,化工
德力股份,SZ002571,轻工制造
三联商社,SH600898,商业贸易
卓翼科技,SZ002369,电子
正业科技,SZ300410,电子
黄山旅游,SH600054,休闲服务
金雷风电,SZ300443,机械设备
金岭矿业,SZ000655,采掘
阳光照明,SH600261,电子
众业达,SZ002441,电气设备
天津普林,SZ002134,电子
鹭燕医药,SZ002788,医药生物
宁波海运,SH600798,交通运输
山西三维,SZ000755,化工
世龙实业,SZ002748,化工
海南海药,SZ000566,医药生物
金杯电工,SZ002533,电气设备
嘉欣丝绸,SZ002404,纺织服装
新通联,SH603022,轻工制造
思维列控,SH603508,计算机
出版传媒,SH601999,传媒
宝信软件,SH600845,计算机
龙津药业,SZ002750,医药生物
升华拜克,SH600226,农林牧渔
中国重汽,SZ000951,汽车
全信股份,SZ300447,电气设备
*ST易桥,SZ000606,医药生物
海南瑞泽,SZ002596,建筑材料
山东高速,SH600350,交通运输
美克家居,SH600337,轻工制造
时代出版,SH600551,传媒
贤丰控股,SZ002141,电子
交大昂立,SH600530,医药生物
拓日新能,SZ002218,电气设备
卫星石化,SZ002648,化工
易成新能,SZ300080,机械设备
中亚股份,SZ300512,机械设备
启迪古汉,SZ000590,医药生物
九芝堂,SZ000989,医药生物
龙大肉食,SZ002726,食品饮料
博济医药,SZ300404,医药生物
仟源医药,SZ300254,医药生物
华菱星马,SH600375,机械设备
红星发展,SH600367,化工
东方能源,SZ000958,公用事业
高乐股份,SZ002348,轻工制造
瑞和股份,SZ002620,建筑装饰
美利云,SZ000815,轻工制造
融钰集团,SZ002622,电气设备
清水源,SZ300437,化工
兰州黄河,SZ000929,食品饮料
恒源煤电,SH600971,采掘
中南文化,SZ002445,传媒
科新机电,SZ300092,机械设备
栖霞建设,SH600533,房地产
*ST珠江,SZ000505,房地产
梦洁股份,SZ002397,纺织服装
棒杰股份,SZ002634,纺织服装
神州长城,SZ000018,建筑装饰
美尚生态,SZ300495,建筑装饰
华昌达,SZ300278,机械设备
智飞生物,SZ300122,医药生物
搜于特,SZ002503,纺织服装
南洋股份,SZ002212,电气设备
交运股份,SH600676,汽车
桂林三金,SZ002275,医药生物
特发信息,SZ000070,通信
振东制药,SZ300158,医药生物
浩丰科技,SZ300419,计算机
中牧股份,SH600195,农林牧渔
东诚药业,SZ002675,医药生物
迪威视讯,SZ300167,计算机
武汉中商,SZ000785,商业贸易
刚泰控股,SH600687,有色金属
云南城投,SH600239,房地产
汉商集团,SH600774,商业贸易
宝馨科技,SZ002514,机械设备
西部牧业,SZ300106,农林牧渔
鲁西化工,SZ000830,化工
浪莎股份,SH600137,纺织服装
科迪乳业,SZ002770,食品饮料
宝利国际,SZ300135,化工
拓普集团,SH601689,汽车
平煤股份,SH601666,采掘
华鲁恒升,SH600426,化工
聚飞光电,SZ300303,电子
海得控制,SZ002184,电气设备
新潮能源,SH600777,房地产
西部创业,SZ000557,食品饮料
云赛智联,SH600602,计算机
鸿特精密,SZ300176,汽车
中金环境,SZ300145,机械设备
赛福天,SH603028,机械设备
桐昆股份,SH601233,化工
杭氧股份,SZ002430,机械设备
国恩股份,SZ002768,化工
登云股份,SZ002715,汽车
迎驾贡酒,SH603198,食品饮料
安通控股,SH600179,采掘
佛慈制药,SZ002644,医药生物
胜宏科技,SZ300476,电子
明星电力,SH600101,公用事业
龙宇燃油,SH603003,化工
世纪瑞尔,SZ300150,计算机
宝鹰股份,SZ002047,建筑装饰
双林股份,SZ300100,汽车
和胜股份,SZ002824,有色金属
德奥通航,SZ002260,家用电器
伟明环保,SH603568,公用事业
法尔胜,SZ000890,机械设备
众合科技,SZ000925,机械设备
文化长城,SZ300089,轻工制造
宝光股份,SH600379,电气设备
民生控股,SZ000416,非银金融
华灿光电,SZ300323,电子
赛轮金宇,SH601058,化工
沪电股份,SZ002463,电子
广州浪奇,SZ000523,化工
王子新材,SZ002735,轻工制造
黑牡丹,SH600510,纺织服装
中再资环,SH600217,公用事业
国农科技,SZ000004,医药生物
开滦股份,SH600997,采掘
量子高科,SZ300149,农林牧渔
东阳光科,SH600673,有色金属
海航基础,SH600515,商业贸易
赤天化,SH600227,化工
华西股份,SZ000936,化工
新联电子,SZ002546,电气设备
露天煤业,SZ002128,采掘
梅安森,SZ300275,机械设备
渝三峡A,SZ000565,化工
西藏珠峰,SH600338,有色金属
方大化工,SZ000818,化工
松芝股份,SZ002454,汽车
*ST东晶,SZ002199,电子
西部资源,SH600139,有色金属
湘邮科技,SH600476,计算机
引力传媒,SH603598,传媒
章源钨业,SZ002378,有色金属
中润资源,SZ000506,房地产
成都路桥,SZ002628,建筑装饰
农发种业,SH600313,农林牧渔
金鹰股份,SH600232,纺织服装
永鼎股份,SH600105,通信
久之洋,SZ300516,电子
双杰电气,SZ300444,电气设备
顺灏股份,SZ002565,轻工制造
联化科技,SZ002250,化工
合康新能,SZ300048,电气设备
氯碱化工,SH600618,化工
红阳能源,SH600758,公用事业
方大特钢,SH600507,钢铁
瀚蓝环境,SH600323,公用事业
泰胜风能,SZ300129,电气设备
银泰资源,SZ000975,有色金属
本钢板材,SZ000761,钢铁
万家乐,SZ000533,家用电器
银邦股份,SZ300337,有色金属
三联虹普,SZ300384,计算机
重庆路桥,SH600106,交通运输
北部湾旅,SH603869,休闲服务
*ST舜船,SZ002608,国防军工
华东重机,SZ002685,机械设备
阳谷华泰,SZ300121,化工
赣粤高速,SH600269,交通运输
五洲交通,SH600368,交通运输
微光股份,SZ002801,电气设备
开元仪器,SZ300338,机械设备
风神股份,SH600469,化工
吉视传媒,SH601929,传媒
香梨股份,SH600506,农林牧渔
国机汽车,SH600335,汽车
银座股份,SH600858,商业贸易
中兴商业,SZ000715,商业贸易
烽火电子,SZ000561,通信
南钢股份,SH600282,钢铁
中海科技,SZ002401,计算机
珍宝岛,SH603567,医药生物
林海股份,SH600099,汽车
泰尔股份,SZ002347,机械设备
桃李面包,SH603866,食品饮料
博汇纸业,SH600966,轻工制造
深高速,SH600548,交通运输
北部湾港,SZ000582,交通运输
浙江富润,SH600070,纺织服装
红豆股份,SH600400,纺织服装
福星股份,SZ000926,房地产
会稽山,SH601579,食品饮料
贵阳银行,SH601997,银行
龙源技术,SZ300105,电气设备
贵航股份,SH600523,汽车
安徽合力,SH600761,机械设备
音飞储存,SH603066,交通运输
田中精机,SZ300461,机械设备
康达新材,SZ002669,化工
诚益通,SZ300430,机械设备
重庆燃气,SH600917,公用事业
首商股份,SH600723,商业贸易
ST成城,SH600247,商业贸易
吉宏股份,SZ002803,轻工制造
渤海股份,SZ000605,公用事业
怡球资源,SH601388,有色金属
美菱电器,SZ000521,家用电器
海大集团,SZ002311,农林牧渔
雄韬股份,SZ002733,电气设备
珠江实业,SH600684,房地产
尖峰集团,SH600668,建筑材料
赫美集团,SZ002356,电气设备
*ST天首,SZ000611,纺织服装
花王股份,SH603007,建筑装饰
圣阳股份,SZ002580,电气设备
建新矿业,SZ000688,有色金属
柳化股份,SH600423,化工
远东传动,SZ002406,汽车
双箭股份,SZ002381,化工
齐峰新材,SZ002521,轻工制造
葵花药业,SZ002737,医药生物
益盛药业,SZ002566,医药生物
银河电子,SZ002519,家用电器
金鸿能源,SZ000669,公用事业
重庆钢铁,SH601005,钢铁
美的电器,SZ000527,家用电器
围海股份,SZ002586,建筑装饰
大庆华科,SZ000985,化工
楚江新材,SZ002171,有色金属
亚星客车,SH600213,汽车
申科股份,SZ002633,机械设备
康弘药业,SZ002773,医药生物
华峰超纤,SZ300180,化工
金自天正,SH600560,机械设备
维科精华,SH600152,纺织服装
华昌化工,SZ002274,化工
保税科技,SH600794,交通运输
江苏阳光,SH600220,纺织服装
国风塑业,SZ000859,化工
申通地铁,SH600834,交通运输
华东数控,SZ002248,机械设备
飞力达,SZ300240,交通运输
湖南投资,SZ000548,交通运输
岳阳兴长,SZ000819,化工
宏达高科,SZ002144,纺织服装
西陇科学,SZ002584,化工
东北制药,SZ000597,医药生物
三毛派神,SZ000779,纺织服装
山东金泰,SH600385,有色金属
元力股份,SZ300174,化工
中国汽研,SH601965,汽车
丽鹏股份,SZ002374,轻工制造
凤竹纺织,SH600493,纺织服装
秋林集团,SH600891,商业贸易
广聚能源,SZ000096,化工
运达科技,SZ300440,计算机
春晖股份,SZ000976,化工
航民股份,SH600987,纺织服装
国瓷材料,SZ300285,化工
龙马环卫,SH603686,机械设备
太阳鸟,SZ300123,国防军工
辉煌科技,SZ002296,计算机
文山电力,SH600995,公用事业
麦捷科技,SZ300319,电子
海南矿业,SH601969,采掘
亚通股份,SH600692,交通运输
南宁百货,SH600712,商业贸易
道森股份,SH603800,机械设备
神雾节能,SZ000820,公用事业
世茂股份,SH600823,房地产
雷科防务,SZ002413,家用电器
福达股份,SH603166,汽车
圣莱达,SZ002473,家用电器
晓程科技,SZ300139,电子
天壕环境,SZ300332,公用事业
远方光电,SZ300306,机械设备
双良节能,SH600481,机械设备
数据港,SH603881,通信
中矿资源,SZ002738,采掘
永安药业,SZ002365,医药生物
宁波富邦,SH600768,有色金属
天顺股份,SZ002800,交通运输
万林股份,SH603117,交通运输
隆华节能,SZ300263,机械设备
西泵股份,SZ002536,汽车
苏试试验,SZ300416,机械设备
通达股份,SZ002560,电气设备
西安旅游,SZ000610,休闲服务
佳士科技,SZ300193,机械设备
金钼股份,SH601958,有色金属
东方银星,SH600753,建筑材料
铜峰电子,SH600237,电子
京威股份,SZ002662,汽车
金徽酒,SH603919,食品饮料
新洋丰,SZ000902,化工
世嘉科技,SZ002796,机械设备
新奥股份,SH600803,化工
力生制药,SZ002393,医药生物
聚龙股份,SZ300202,计算机
汇冠股份,SZ300282,电子
滨化股份,SH601678,化工
三元股份,SH600429,食品饮料
理工环科,SZ002322,电气设备
杭州解百,SH600814,商业贸易
群兴玩具,SZ002575,轻工制造
高科石化,SZ002778,化工
新钢股份,SH600782,钢铁
广东鸿图,SZ002101,汽车
山东路桥,SZ000498,建筑装饰
中飞股份,SZ300489,有色金属
九牧王,SH601566,纺织服装
东华科技,SZ002140,建筑装饰
强力新材,SZ300429,化工
派思股份,SH603318,机械设备
中百集团,SZ000759,商业贸易
今世缘,SH603369,食品饮料
浩云科技,SZ300448,计算机
杰赛科技,SZ002544,通信
澳柯玛,SH600336,家用电器
汉森制药,SZ002412,医药生物
双环传动,SZ002472,汽车
迦南科技,SZ300412,医药生物
长春经开,SH600215,房地产
富春环保,SZ002479,公用事业
悦达投资,SH600805,汽车
光一科技,SZ300356,电气设备
凯美特气,SZ002549,化工
福斯特,SH603806,电气设备
南方汇通,SZ000920,公用事业
今天国际,SZ300532,计算机
东安动力,SH600178,汽车
龙泉股份,SZ002671,建筑材料
白云电器,SH603861,电气设备
顺发恒业,SZ000631,房地产
天富能源,SH600509,公用事业
曲江文旅,SH600706,休闲服务
茂业商业,SH600828,商业贸易
奥康国际,SH603001,纺织服装
深圳燃气,SH601139,公用事业
迪马股份,SH600565,房地产
东方精工,SZ002611,机械设备
壹桥股份,SZ002447,农林牧渔
五洋科技,SZ300420,机械设备
汇金科技,SZ300561,计算机
京投发展,SH600683,房地产
艾派克,SZ002180,电子
漳州发展,SZ000753,汽车
盛洋科技,SH603703,通信
东山精密,SZ002384,电子
福成股份,SH600965,农林牧渔
上实发展,SH600748,房地产
中电广通,SH600764,计算机
武汉控股,SH600168,公用事业
湖北宜化,SZ000422,化工
诺力股份,SH603611,机械设备
羚锐制药,SH600285,医药生物
浙江广厦,SH600052,房地产
世荣兆业,SZ002016,房地产
凌钢股份,SH600231,钢铁
凤凰股份,SH600716,房地产
乐凯新材,SZ300446,电子
雪峰科技,SH603227,化工
金陵药业,SZ000919,医药生物
合肥百货,SZ000417,商业贸易
飞马国际,SZ002210,交通运输
金城医药,SZ300233,医药生物
天成自控,SH603085,汽车
天成自控,SH603085,汽车
深赤湾A,SZ000022,交通运输
中坚科技,SZ002779,机械设备
莫高股份,SH600543,食品饮料
新筑股份,SZ002480,机械设备
键桥通讯,SZ002316,通信
金盾股份,SZ300411,机械设备
天孚通信,SZ300394,电子
超讯通信,SH603322,通信
黑猫股份,SZ002068,化工
海螺型材,SZ000619,建筑材料
天银机电,SZ300342,家用电器
冰川网络,SZ300533,传媒
地尔汉宇,SZ300403,家用电器
纳尔股份,SZ002825,化工
东方中科,SZ002819,机械设备
福建高速,SH600033,交通运输
兴源环境,SZ300266,机械设备
电光科技,SZ002730,机械设备
传化智联,SZ002010,化工
株冶集团,SH600961,有色金属
赛升药业,SZ300485,医药生物
精华制药,SZ002349,医药生物
南山控股,SZ002314,建筑材料
四通新材,SZ300428,有色金属
荣科科技,SZ300290,计算机
共达电声,SZ002655,电子
