黑牛食品,SZ002387
锦龙股份,SZ000712
欣泰电气,SZ300372
紫光国芯,SZ002049
中粮生化,SZ000930
华海药业,SH600521
国轩高科,SZ002074
探路者,SZ300005
北大荒,SH600598
亨通光电,SH600487
际华集团,SH601718
宇通客车,SH600066
碧水源,SZ300070
亚太股份,SZ002284
清新环境,SZ002573
辽宁成大,SH600739
中联重科,SZ000157
和佳股份,SZ300273
中航动力,SH600893
九安医疗,SZ002432
同方股份,SH600100
上海医药,SH601607
君正集团,SH601216
片仔癀,SH600436
顺网科技,SZ300113
金字火腿,SZ002515
上海钢联,SZ300226
中国电建,SH601669
腾邦国际,SZ300178
成飞集成,SZ002190
江西铜业,SH600362
国海证券,SZ000750
中国宝安,SZ000009
中国卫星,SH600118
普路通,SZ002769
远望谷,SZ002161
中毅达,SH600610
启迪桑德,SZ000826
宁波银行,SZ002142
名家汇,SZ300506
康达尔,SZ000048
中粮糖业,SH600737
安洁科技,SZ002635
金龙机电,SZ300032
中科金财,SZ002657
张江高科,SH600895
当升科技,SZ300073
昆仑万维,SZ300418
世联行,SZ002285
东方园林,SZ002310
浪潮信息,SZ000977
信维通信,SZ300136
科力远,SH600478
葛洲坝,SH600068
沧州明珠,SZ002108
平高电气,SH600312
洛阳玻璃,SH600876
长春高新,SZ000661
安琪酵母,SH600298
酒鬼酒,SZ000799
启明星辰,SZ002439
三江购物,SH601116
大华股份,SZ002236
棕榈股份,SZ002431
游族网络,SZ002174
冠昊生物,SZ300238
*ST獐岛,SZ002069
赢时胜,SZ300377
中国中冶,SH601618
招商地产,SZ000024
第一创业,SZ002797
宝钢股份,SH600019
分众传媒,SZ002027
江淮汽车,SH600418
潜能恒信,SZ300191
海南航空,SH600221
煌上煌,SZ002695
招商轮船,SH601872
中粮地产,SZ000031
卫宁健康,SZ300253
川大智胜,SZ002253
平潭发展,SZ000592
北方稀土,SH600111
武昌鱼,SH600275
锦江投资,SH600650
锦江投资,SH600650
金亚科技,SZ300028
中颖电子,SZ300327
浙江东方,SH600120
大唐电信,SH600198
大北农,SZ002385
包钢股份,SH600010
百润股份,SZ002568
国电南瑞,SH600406
上海普天,SH600680
北斗星通,SZ002151
太原重工,SH600169
新华网,SH603888
阳光电源,SZ300274
东软集团,SH600718
美年健康,SZ002044
三安光电,SH600703
信立泰,SZ002294
中恒集团,SH600252
汇川技术,SZ300124
华友钴业,SH603799
鸿博股份,SZ002229
顺丰控股,SZ002352
兔宝宝,SZ002043
首开股份,SH600376
西南证券,SH600369
云南铜业,SZ000878
天坛生物,SH600161
鹏博士,SH600804
众信旅游,SZ002707
安硕信息,SZ300380
中青旅,SH600138
大富科技,SZ300134
长电科技,SH600584
联络互动,SZ002280
华夏银行,SH600015
南玻A,SZ000012
老板电器,SZ002508
通策医疗,SH600763
美邦服饰,SZ002269
恒宝股份,SZ002104
隆基股份,SH601012
锡业股份,SZ000960
中金黄金,SH600489
科达洁能,SH600499
唐山港,SH601000
美亚柏科,SZ300188
利亚德,SZ300296
金地集团,SH600383
易事特,SZ300376
中海油服,SH601808
宝莱特,SZ300246
奥特迅,SZ002227
云意电气,SZ300304
中远海发,SH601866
长信科技,SZ300088
韵达股份,SZ002120
完美世界,SZ002624
用友网络,SH600588
东吴证券,SH601555
浙报传媒,SH600633
鱼跃医疗,SZ002223
山西证券,SZ002500
小商品城,SH600415
海信电器,SH600060
海南橡胶,SH601118
健康元,SH600380
天山股份,SZ000877
海格通信,SZ002465
海欣食品,SZ002702
金贵银业,SZ002716
大商股份,SH600694
洋河股份,SZ002304
信威集团,SH600485
中核科技,SZ000777
熊猫金控,SH600599
硕贝德,SZ300322
通化东宝,SH600867
紫金矿业,SH601899
东方电气,SH600875
高伟达,SZ300465
海虹控股,SZ000503
信息发展,SZ300469
华胜天成,SH600410
华策影视,SZ300133
潍柴动力,SZ000338
百联股份,SH600827
紫光股份,SZ000938
万马股份,SZ002276
酒钢宏兴,SH600307
海油工程,SH600583
游久游戏,SH600652
北大医药,SZ000788
吉电股份,SZ000875
新开源,SZ300109
招商蛇口,SZ001979
匹凸匹,SH600696
欣旺达,SZ300207
青岛啤酒,SH600600
上海凤凰,SH600679
嘉凯城,SZ000918
江特电机,SZ002176
亿纬锂能,SZ300014
鲁泰A,SZ000726
浙能电力,SH600023
江苏银行,SH600919
承德露露,SZ000848
许继电气,SZ000400
光明乳业,SH600597
华工科技,SZ000988
神州信息,SZ000555
一汽轿车,SZ000800
海德股份,SZ000567
中国国航,SH601111
朗玛信息,SZ300288
东北证券,SZ000686
九鼎投资,SH600053
洪都航空,SH600316
亚盛集团,SH600108
*ST山水,SH600234
深深宝A,SZ000019
雏鹰农牧,SZ002477
光环新网,SZ300383
世纪游轮,SZ002558
超图软件,SZ300036
顺鑫农业,SZ000860
同力水泥,SZ000885
上港集团,SH600018
蒙草生态,SZ300355
ST慧球,SH600556
富瑞特装,SZ300228
润和软件,SZ300339
中科曙光,SH603019
奥瑞金,SZ002701
深天马A,SZ000050
金科股份,SZ000656
金轮股份,SZ002722
国民技术,SZ300077
*ST五稀,SZ000831
石化油服,SH600871
大恒科技,SH600288
爱施德,SZ002416
晋西车轴,SH600495
华东医药,SZ000963
联创电子,SZ002036
龙生股份,SZ002625
新开普,SZ300248
北京君正,SZ300223
科恒股份,SZ300340
金刚玻璃,SZ300093
和而泰,SZ002402
中天城投,SZ000540
博雅生物,SZ300294
先导智能,SZ300450
岭南园林,SZ002717
汇金股份,SZ300368
辉隆股份,SZ002556
上海电力,SH600021
泰格医药,SZ300347
新宙邦,SZ300037
钱江水利,SH600283
界龙实业,SH600836
浙江世宝,SZ002703
安信信托,SH600816
财信发展,SZ000838
国中水务,SH600187
中金岭南,SZ000060
银江股份,SZ300020
长航凤凰,SZ000520
苏大维格,SZ300331
安科生物,SZ300009
新兴铸管,SZ000778
亿帆医药,SZ002019
上海石化,SH600688
三元达,SZ002417
新疆城建,SH600545
华闻传媒,SZ000793
汉王科技,SZ002362
金固股份,SZ002488
江中药业,SH600750
海伦钢琴,SZ300329
扬农化工,SH600486
外高桥,SH600648
数字政通,SZ300075
兰生股份,SH600826
豫园商城,SH600655
山西汾酒,SH600809
新时达,SZ002527
科大智能,SZ300222
科陆电子,SZ002121
三诺生物,SZ300298
证通电子,SZ002197
河钢股份,SZ000709
威孚高科,SZ000581
中航动控,SZ000738
飞天诚信,SZ300386
天音控股,SZ000829
西藏矿业,SZ000762
万孚生物,SZ300482
中国电影,SH600977
远大控股,SZ000626
可立克,SZ002782
星辉娱乐,SZ300043
兆新股份,SZ002256
中船防务,SH600685
中通客车,SZ000957
动力源,SH600405
东方日升,SZ300118
星星科技,SZ300256
中国西电,SH601179
金科娱乐,SZ300459
杉杉股份,SH600884
中天科技,SH600522
中国中期,SZ000996
绿盟科技,SZ300369
得润电子,SZ002055
来伊份,SH603777
浪潮软件,SH600756
步步高,SZ002251
莱茵体育,SZ000558
拓尔思,SZ300229
康缘药业,SH600557
上海机场,SH600009
大众交通,SH600611
戴维医疗,SZ300314
水井坊,SH600779
海天味业,SH603288
驰宏锌锗,SH600497
宁波港,SH601018
红日药业,SZ300026
上海莱士,SZ002252
舒泰神,SZ300204
天津港,SH600717
龙头股份,SH600630
宝塔实业,SZ000595
优博讯,SZ300531
顺络电子,SZ002138
雷曼股份,SZ300162
连云港,SH601008
德赛电池,SZ000049
长江投资,SH600119
圆通速递,SH600233
人福医药,SH600079
中科云网,SZ002306
大连港,SH601880
高鸿股份,SZ000851
万邦达,SZ300055
宏源证券,SZ000562
泸天化,SZ000912
永太科技,SZ002326
通合科技,SZ300491
徐工机械,SZ000425
中远海特,SH600428
东风汽车,SH600006
方大炭素,SH600516
科融环境,SZ300152
以岭药业,SZ002603
广晟有色,SH600259
航天科技,SZ000901
中远海能,SH600026
雪迪龙,SZ002658
新和成,SZ002001
航天信息,SH600271
越秀金控,SZ000987
牧原股份,SZ002714
中航黑豹,SH600760
绿地控股,SH600606
中央商场,SH600280
东方国信,SZ300166
中航光电,SZ002179
中电鑫龙,SZ002298
神州数码,SZ000034
万润股份,SZ002643
隧道股份,SH600820
太安堂,SZ002433
豫光金铅,SH600531
万家文化,SH600576
古井贡酒,SZ000596
振芯科技,SZ300101
乐普医疗,SZ300003
青青稞酒,SZ002646
广汽集团,SH601238
菲达环保,SH600526
三夫户外,SZ002780
九州通,SH600998
永泰能源,SH600157
ST生化,SZ000403
中弘股份,SZ000979
锦江股份,SH600754
全志科技,SZ300458
江苏有线,SH600959
特锐德,SZ300001
厦门钨业,SH600549
誉衡药业,SZ002437
赛为智能,SZ300044
厦门国贸,SH600755
昆药集团,SH600422
环能科技,SZ300425
国投安信,SH600061
河北宣工,SZ000923
市北高新,SH600604
海越股份,SH600387
龙净环保,SH600388
沃尔核材,SZ002130
柘中股份,SZ002346
乐金健康,SZ300247
万福生科,SZ300268
北新路桥,SZ002307
荣盛发展,SZ002146
洽洽食品,SZ002557
信雅达,SH600571
卫士通,SZ002268
瑞茂通,SH600180
盐湖股份,SZ000792
蓝海华腾,SZ300484
雷柏科技,SZ002577
上海新阳,SZ300236
梅花生物,SH600873
智慧农业,SZ000816
彩虹股份,SH600707
三七互娱,SZ002555
天玑科技,SZ300245
二三四五,SZ002195
佛塑科技,SZ000973
齐翔腾达,SZ002408
首创股份,SH600008
洛阳钼业,SH603993
中利集团,SZ002309
沙隆达A,SZ000553
成发科技,SH600391
三全食品,SZ002216
赤峰黄金,SH600988
罗平锌电,SZ002114
曙光股份,SH600303
皇氏集团,SZ002329
科华生物,SZ002022
光华科技,SZ002741
中国软件,SH600536
未名医药,SZ002581
欧比特,SZ300053
东方雨虹,SZ002271
盛屯矿业,SH600711
北京城建,SH600266
中国动力,SH600482
佳都科技,SH600728
瑞泰科技,SZ002066
龙蟒佰利,SZ002601
浙富控股,SZ002266
晋亿实业,SH601002
烽火通信,SH600498
华润三九,SZ000999
隆平高科,SZ000998
古越龙山,SH600059
广州发展,SH600098
汉得信息,SZ300170
埃斯顿,SZ002747
宜华生活,SH600978
友阿股份,SZ002277
利达光电,SZ002189
赛摩电气,SZ300466
西山煤电,SZ000983
力帆股份,SH601777
中国国旅,SH601888
北方导航,SH600435
北陆药业,SZ300016
中直股份,SH600038
波导股份,SH600130
万安科技,SZ002590
天成控股,SH600112
武钢股份,SH600005
云海金属,SZ002182
英力特,SZ000635
跨境通,SZ002640
沃森生物,SZ300142
新文化,SZ300336
马应龙,SH600993
中航电子,SH600372
东方通,SZ300379
智云股份,SZ300097
中国医药,SH600056
东华软件,SZ002065
华能国际,SH600011
北信源,SZ300352
*ST吉恩,SH600432
任子行,SZ300311
万里石,SZ002785
拓维信息,SZ002261
红旗连锁,SZ002697
西部黄金,SH601069
一心堂,SZ002727
昌九生化,SH600228
华仁药业,SZ300110
远光软件,SZ002063
鲁抗医药,SH600789
上海九百,SH600838
国睿科技,SH600562
立思辰,SZ300010
中煤能源,SH601898
索菲亚,SZ002572
贵州百灵,SZ002424
庞大集团,SH601258
佳电股份,SZ000922
石基信息,SZ002153
博瑞传播,SH600880
世纪星源,SZ000005
华域汽车,SH600741
天润数娱,SZ002113
嘉麟杰,SZ002486
福田汽车,SH600166
城投控股,SH600649
*ST钒钛,SZ000629
航天长峰,SH600855
易华录,SZ300212
科泰电源,SZ300153
华平股份,SZ300074
南京港,SZ002040
太平洋,SH601099
浙江永强,SZ002489
露笑科技,SZ002617
中路股份,SH600818
威创股份,SZ002308
江铃汽车,SZ000550
深圳华强,SZ000062
中国化学,SH601117
方正科技,SH600601
宝德股份,SZ300023
GQY视讯,SZ300076
西仪股份,SZ002265
中海达,SZ300177
长盈精密,SZ300115
恒信移动,SZ300081
快乐购,SZ300413
上峰水泥,SZ000672
兴蓉环境,SZ000598
利源精制,SZ002501
国际医学,SZ000516
湖南天雁,SH600698
建发股份,SH600153
力合股份,SZ000532
外运发展,SH600270
*ST烯碳,SZ000511
华侨城A,SZ000069
盛和资源,SH600392
华数传媒,SZ000156
诺普信,SZ002215
渤海金控,SZ000415
老白干酒,SH600559
海宁皮城,SZ002344
强生控股,SH600662
深圳惠程,SZ002168
罗顿发展,SH600209
天润乳业,SH600419
铁龙物流,SH600125
运盛医疗,SH600767
七匹狼,SZ002029
重庆啤酒,SH600132
泰山石油,SZ000554
广联达,SZ002410
新湖中宝,SH600208
王府井,SH600859
中科三环,SZ000970
安居宝,SZ300155
奥拓电子,SZ002587
华天科技,SZ002185
汉威电子,SZ300007
景兴纸业,SZ002067
西藏城投,SH600773
华锦股份,SZ000059
中信重工,SH601608
温氏股份,SZ300498
新国都,SZ300130
*ST金瑞,SH600390
濮阳惠成,SZ300481
大连友谊,SZ000679
三力士,SZ002224
哈尔斯,SZ002615
*ST宇顺,SZ002289
广誉远,SH600771
爱建集团,SH600643
南宁糖业,SZ000911
视觉中国,SZ000681
深振业A,SZ000006
同洲电子,SZ002052
晨鸣纸业,SZ000488
文峰股份,SH601010
华发股份,SH600325
天源迪科,SZ300047
中原高速,SH600020
紫光学大,SZ000526
金发科技,SH600143
立讯精密,SZ002475
神雾环保,SZ300156
亚玛顿,SZ002623
光力科技,SZ300480
中成股份,SZ000151
兰石重装,SH603169
美好置业,SZ000667
福瑞股份,SZ300049
博世科,SZ300422
长春一东,SH600148
申通快递,SZ002468
智慧能源,SH600869
高新兴,SZ300098
上海机电,SH600835
京天利,SZ300399
国药股份,SH600511
紫鑫药业,SZ002118
浙江东日,SH600113
*ST盈方,SZ000670
锌业股份,SZ000751
两面针,SH600249
南京高科,SH600064
省广股份,SZ002400
大东南,SZ002263
东方网力,SZ300367
浦东金桥,SH600639
中葡股份,SH600084
三川智慧,SZ300066
潞安环能,SH601699
铜陵有色,SZ000630
黔源电力,SZ002039
三丰智能,SZ300276
报喜鸟,SZ002154
广电网络,SH600831
亚星锚链,SH601890
广电运通,SZ002152
蓝盾股份,SZ300297
尔康制药,SZ300267
洪涛股份,SZ002325
达实智能,SZ002421
航天电子,SH600879
通富微电,SZ002156
银禧科技,SZ300221
上海三毛,SH600689
上海科技,SH600608
唐德影视,SZ300426
通鼎互联,SZ002491
芭田股份,SZ002170
中恒电气,SZ002364
中国核建,SH601611
渝开发,SZ000514
慈文传媒,SZ002343
佛山照明,SZ000541
抚顺特钢,SH600399
石大胜华,SH603026
银鸽投资,SH600069
中储股份,SH600787
深圳能源,SZ000027
海特高新,SZ002023
先河环保,SZ300137
铁汉生态,SZ300197
威华股份,SZ002240
上海凯宝,SZ300039
华邦健康,SZ002004
康恩贝,SH600572
国药一致,SZ000028
新华医疗,SH600587
山大华特,SZ000915
英唐智控,SZ300131
安泰科技,SZ000969
软控股份,SZ002073
莱宝高科,SZ002106
泛海控股,SZ000046
华力创通,SZ300045
中泰化学,SZ002092
华谊集团,SH600623
盛路通信,SZ002446
*ST沧大,SH600230
诺德股份,SH600110
福晶科技,SZ002222
浙江医药,SH600216
劲胜精密,SZ300083
德豪润达,SZ002005
方正电机,SZ002196
华中数控,SZ300161
航天通信,SH600677
森源电气,SZ002358
我武生物,SZ300357
中国武夷,SZ000797
小天鹅A,SZ000418
南洋科技,SZ002389
保千里,SH600074
天和防务,SZ300397
远达环保,SH600292
南都电源,SZ300068
榕基软件,SZ002474
华电国际,SH600027
青松建化,SH600425
创业软件,SZ300451
正邦科技,SZ002157
和顺电气,SZ300141
中工国际,SZ002051
苏宁环球,SZ000718
新南洋,SH600661
中航重机,SH600765
健民集团,SH600976
ST华泽,SZ000693
长城电脑,SZ000066
鄂武商A,SZ000501
苏州固锝,SZ002079
亿晶光电,SH600537
天神娱乐,SZ002354
川金诺,SZ300505
北京文化,SZ000802
天龙光电,SZ300029
粤传媒,SZ002181
深深房A,SZ000029
云天化,SH600096
神州泰岳,SZ300002
中航机电,SZ002013
*ST神火,SZ000933
金路集团,SZ000510
新城控股,SH601155
冀东水泥,SZ000401
巨化股份,SH600160
利欧股份,SZ002131
中化国际,SH600500
秦川机床,SZ000837
康力电梯,SZ002367
北方华创,SZ002371
华讯方舟,SZ000687
莎普爱思,SH603168
巴安水务,SZ300262
昊志机电,SZ300503
兖州煤业,SH600188
光迅科技,SZ002281
太阳电缆,SZ002300
巨星科技,SZ002444
博彦科技,SZ002649
永艺股份,SH603600
*ST昆机,SH600806
巴士在线,SZ002188
长城动漫,SZ000835
山西焦化,SH600740
鼎龙股份,SZ300054
鄂尔多斯,SH600295
东方锆业,SZ002167
星网锐捷,SZ002396
中信海直,SZ000099
西藏旅游,SH600749
江苏神通,SZ002438
蓝思科技,SZ300433
思创医惠,SZ300078
上海物贸,SH600822
邦宝益智,SH603398
长白山,SH603099
美盛文化,SZ002699
罗牛山,SZ000735
美盈森,SZ002303
长亮科技,SZ300348
宏磊股份,SZ002647
向日葵,SZ300111
新亚制程,SZ002388
翰宇药业,SZ300199
克明面业,SZ002661
数源科技,SZ000909
天喻信息,SZ300205
春秋航空,SH601021
新力金融,SH600318
福建金森,SZ002679
读者传媒,SH603999
新黄浦,SH600638
苏泊尔,SZ002032
凤凰传媒,SH601928
歌华有线,SH600037
罗莱生活,SZ002293
海王生物,SZ000078
维尔利,SZ300190
云南能投,SZ002053
兆日科技,SZ300333
金一文化,SZ002721
上海银行,SH601229
东富龙,SZ300171
中色股份,SZ000758
焦作万方,SZ000612
上海建工,SH600170
丽珠集团,SZ000513
金运激光,SZ300220
天通股份,SH600330
张家港行,SZ002839
环旭电子,SH601231
聚光科技,SZ300203
鞍钢股份,SZ000898
华鹏飞,SZ300350
沱牌舍得,SH600702
世名科技,SZ300522
*ST中特,SZ002423
全聚德,SZ002186
安妮股份,SZ002235
蓝光发展,SH600466
宜安科技,SZ300328
重庆港九,SH600279
海源机械,SZ002529
乐通股份,SZ002319
江苏国泰,SZ002091
景嘉微,SZ300474
御银股份,SZ002177
航天机电,SH600151
欢瑞世纪,SZ000892
万向德农,SH600371
五矿发展,SH600058
吉峰农机,SZ300022
宜通世纪,SZ300310
北方创业,SH600967
东方网络,SZ002175
北新建材,SZ000786
高德红外,SZ002414
象屿股份,SH600057
永清环保,SZ300187
中炬高新,SH600872
大同煤业,SH601001
珠海港,SZ000507
东土科技,SZ300353
鹏欣资源,SH600490
凯瑞德,SZ002072
恺英网络,SZ002517
山东地矿,SZ000409
理邦仪器,SZ300206
久立特材,SZ002318
国统股份,SZ002205
金龙汽车,SH600686
航天动力,SH600343
*ST博元,SH600656
新海宜,SZ002089
科远股份,SZ002380
时代新材,SH600458
姚记扑克,SZ002605
晶方科技,SH603005
苏州高新,SH600736
拓邦股份,SZ002139
青岛金王,SZ002094
广深铁路,SH601333
贵研铂业,SH600459
*ST钱江,SZ000913
台海核电,SZ002366
新华联,SZ000620
浙大网新,SH600797
滨江集团,SZ002244
吴通控股,SZ300292
邦讯技术,SZ300312
华鑫股份,SH600621
东莞控股,SZ000828
杭萧钢构,SH600477
智慧松德,SZ300173
辉丰股份,SZ002496
深科技,SZ000021
泰达股份,SZ000652
海伦哲,SZ300201
骅威文化,SZ002502
凯迪生态,SZ000939
东北电气,SZ000585
华铁科技,SH603300
银信科技,SZ300231
华安证券,SH600909
捷顺科技,SZ002609
江南化工,SZ002226
必康股份,SZ002411
三爱富,SH600636
民和股份,SZ002234
东江环保,SZ002672
博实股份,SZ002698
江粉磁材,SZ002600
林洋能源,SH601222
仙坛股份,SZ002746
金正大,SZ002470
花园生物,SZ300401
重庆百货,SH600729
中文传媒,SH600373
中国巨石,SH600176
三维丝,SZ300056
三峡水利,SH600116
千方科技,SZ002373
营口港,SH600317
英洛华,SZ000795
大西洋,SH600558
冠豪高新,SH600433
海航投资,SZ000616
海能达,SZ002583
天泽信息,SZ300209
华锐风电,SH601558
中安消,SH600654
综艺股份,SH600770
冀中能源,SZ000937
美达股份,SZ000782
*ST商城,SH600306
劲嘉股份,SZ002191
沙钢股份,SZ002075
凯莱英,SZ002821
亿阳信通,SH600289
圣农发展,SZ002299
一汽夏利,SZ000927
腾信股份,SZ300392
金利科技,SZ002464
国投中鲁,SH600962
太极集团,SH600129
韩建河山,SH603616
徐家汇,SZ002561
北纬通信,SZ002148
四川金顶,SH600678
天舟文化,SZ300148
新华都,SZ002264
首钢股份,SZ000959
斯太尔,SZ000760
长园集团,SH600525
四创电子,SH600990
奥马电器,SZ002668
东湖高新,SH600133
准油股份,SZ002207
号百控股,SH600640
益生股份,SZ002458
一拖股份,SH601038
华测检测,SZ300012
鹿港文化,SH601599
凯利泰,SZ300326
丝路视觉,SZ300556
安诺其,SZ300067
云铝股份,SZ000807
合众思壮,SZ002383
莱美药业,SZ300006
宁波华翔,SZ002048
深物业A,SZ000011
凯撒旅游,SZ000796
天马股份,SZ002122
禾盛新材,SZ002290
富安娜,SZ002327
桂发祥,SZ002820
捷成股份,SZ300182
天茂集团,SZ000627
振华重工,SH600320
明家联合,SZ300242
西部建设,SZ002302
东软载波,SZ300183
豪迈科技,SZ002595
银河生物,SZ000806
江山股份,SH600389
雪人股份,SZ002639
奥瑞德,SH600666
农产品,SZ000061
梦网荣信,SZ002123
正泰电器,SH601877
维宏股份,SZ300508
东港股份,SZ002117
久其软件,SZ002279
天虹商场,SZ002419
信隆健康,SZ002105
宁波韵升,SH600366
*ST河化,SZ000953
华录百纳,SZ300291
亚厦股份,SZ002375
天龙集团,SZ300063
山鹰纸业,SH600567
九洲电气,SZ300040
洲明科技,SZ300232
汉缆股份,SZ002498
佳创视讯,SZ300264
中航地产,SZ000043
湖南发展,SZ000722
中原证券,SH601375
山河药辅,SZ300452
广生堂,SZ300436
阳光城,SZ000671
宗申动力,SZ001696
盛达矿业,SZ000603
国电南自,SH600268
中核钛白,SZ002145
涪陵榨菜,SZ002507
钢研高纳,SZ300034
中新药业,SH600329
青海春天,SH600381
安徽水利,SH600502
利君股份,SZ002651
英飞拓,SZ002528
上海贝岭,SH600171
鲍斯股份,SZ300441
亚星化学,SH600319
好当家,SH600467
深康佳A,SZ000016
积成电子,SZ002339
漫步者,SZ002351
三钢闽光,SZ002110
康强电子,SZ002119
中材国际,SH600970
天奇股份,SZ002009
上工申贝,SH600843
迅游科技,SZ300467
赢合科技,SZ300457
光电股份,SH600184
一汽富维,SH600742
双象股份,SZ002395
益佰制药,SH600594
亿利洁能,SH600277
德尔未来,SZ002631
尚荣医疗,SZ002551
太钢不锈,SZ000825
宏图高科,SH600122
梅泰诺,SZ300038
兴森科技,SZ002436
宝色股份,SZ300402
康芝药业,SZ300086
厦门港务,SZ000905
恩华药业,SZ002262
东华能源,SZ002221
丹邦科技,SZ002618
云投生态,SZ002200
延华智能,SZ002178
永和智控,SZ002795
莲花健康,SH600186
光韵达,SZ300227
汉鼎宇佑,SZ300300
金马股份,SZ000980
华联股份,SZ000882
悦心健康,SZ002162
胜利精密,SZ002426
登海种业,SZ002041
超华科技,SZ002288
华润双鹤,SH600062
电科院,SZ300215
友邦吊顶,SZ002718
中潜股份,SZ300526
华菱钢铁,SZ000932
海普瑞,SZ002399
金隅股份,SH601992
西水股份,SH600291
复旦复华,SH600624
漳泽电力,SZ000767
江阴银行,SZ002807
中船科技,SH600072
猛狮科技,SZ002684
蓝英装备,SZ300293
航天发展,SZ000547
生益科技,SH600183
大连电瓷,SZ002606
东方集团,SH600811
江苏舜天,SH600287
海印股份,SZ000861
宝泰隆,SH601011
*ST天仪,SZ000710
溢多利,SZ300381
湖北能源,SZ000883
同有科技,SZ300302
天海投资,SH600751
湖南黄金,SZ002155
新易盛,SZ300502
三六五网,SZ300295
朗姿股份,SZ002612
中兵红箭,SZ000519
中新科技,SH603996
飞乐音响,SH600651
信质电机,SZ002664
大洋电机,SZ002249
新华百货,SH600785
京新药业,SZ002020
东凌国际,SZ000893
贵人鸟,SH603555
内蒙华电,SH600863
格力地产,SH600185
华峰氨纶,SZ002064
银宝山新,SZ002786
老百姓,SH603883
慈星股份,SZ300307
合肥城建,SZ002208
友利控股,SZ000584
宏辉果蔬,SH603336
万方发展,SZ000638
绿景控股,SZ000502
中国高科,SH600730
锦富技术,SZ300128
龙元建设,SH600491
永贵电器,SZ300351
世纪华通,SZ002602
创维数字,SZ000810
通裕重工,SZ300185
博晖创新,SZ300318
燕塘乳业,SZ002732
中国银河,SH601881
华星创业,SZ300025
长城影视,SZ002071
春兴精工,SZ002547
中南传媒,SH601098
陕西金叶,SZ000812
鼎汉技术,SZ300011
天津磁卡,SH600800
高澜股份,SZ300499
创兴资源,SH600193
勤上股份,SZ002638
美康生物,SZ300439
昌红科技,SZ300151
信达地产,SH600657
上海梅林,SH600073
中茵股份,SH600745
深华发A,SZ000020
神思电子,SZ300479
千金药业,SH600479
亚威股份,SZ002559
润达医疗,SH603108
柳工,SZ000528
宏达新材,SZ002211
启明信息,SZ002232
久远银海,SZ002777
亚夏汽车,SZ002607
日照港,SH600017
世纪鼎利,SZ300050
海澜之家,SH600398
安凯客车,SZ000868
中国嘉陵,SH600877
博腾股份,SZ300363
华新水泥,SH600801
新安股份,SH600596
奇正藏药,SZ002287
西部矿业,SH601168
金洲管道,SZ002443
西安饮食,SZ000721
新纶科技,SZ002341
四川九洲,SZ000801
大豪科技,SH603025
神开股份,SZ002278
南天信息,SZ000948
湘电股份,SH600416
保变电气,SH600550
中超控股,SZ002471
工大高新,SH600701
国栋建设,SH600321
四川美丰,SZ000731
智光电气,SZ002169
福建水泥,SH600802
恒康医疗,SZ002219
*ST八钢,SH600581
飞利信,SZ300287
澳洋顺昌,SZ002245
安纳达,SZ002136
万润科技,SZ002654
金新农,SZ002548
广汇汽车,SH600297
新研股份,SZ300159
天宸股份,SH600620
美亚光电,SZ002690
苏交科,SZ300284
云图控股,SZ002539
海马汽车,SZ000572
鑫科材料,SH600255
吉艾科技,SZ300309
深纺织A,SZ000045
三五互联,SZ300051
通用股份,SH601500
鸿利智汇,SZ300219
绵石投资,SZ000609
红太阳,SZ000525
盐田港,SZ000088
山东矿机,SZ002526
华远地产,SH600743
博敏电子,SH603936
仁和药业,SZ000650
得利斯,SZ002330
科华恒盛,SZ002335
日海通讯,SZ002313
中原内配,SZ002448
甘肃电投,SZ000791
二六三,SZ002467
置信电气,SH600517
光明地产,SH600708
盾安环境,SZ002011
*ST中发,SH600520
新日恒力,SH600165
申达股份,SH600626
宝钛股份,SH600456
燕京啤酒,SZ000729
海利得,SZ002206
青岛双星,SZ000599
江泉实业,SH600212
祁连山,SH600720
中航三鑫,SZ002163
华钰矿业,SH601020
安源煤业,SH600397
哈药股份,SH600664
振华科技,SZ000733
老凤祥,SH600612
供销大集,SZ000564
伟星新材,SZ002372
信邦制药,SZ002390
应流股份,SH603308
莱茵生物,SZ002166
西王食品,SZ000639
新宁物流,SZ300013
鲁银投资,SH600784
中技控股,SH600634
佳隆股份,SZ002495
山推股份,SZ000680
富春通信,SZ300299
山东钢铁,SH600022
东方新星,SZ002755
宝新能源,SZ000690
中环装备,SZ300140
富临精工,SZ300432
欧浦智网,SZ002711
安彩高科,SH600207
节能风电,SH601016
利德曼,SZ300289
西藏天路,SH600326
东方金钰,SH600086
中水渔业,SZ000798
皖能电力,SZ000543
士兰微,SH600460
同济科技,SH600846
横店东磁,SZ002056
华贸物流,SH603128
恒顺醋业,SH600305
兴民智通,SZ002355
宜华健康,SZ000150
隆鑫通用,SH603766
天瑞仪器,SZ300165
联建光电,SZ300269
华明装备,SZ002270
宝鼎科技,SZ002552
焦点科技,SZ002315
兴业矿业,SZ000426
珈伟股份,SZ300317
陕国投A,SZ000563
法拉电子,SH600563
达华智能,SZ002512
洲际油气,SH600759
坚瑞沃能,SZ300116
恒力股份,SH600346
海顺新材,SZ300501
江海股份,SZ002484
天业股份,SH600807
大唐发电,SH601991
宁夏建材,SH600449
尤夫股份,SZ002427
天汽模,SZ002510
汇顶科技,SH603160
北特科技,SH603009
济川药业,SH600566
大有能源,SH600403
香溢融通,SH600830
海兰信,SZ300065
岭南控股,SZ000524
岳阳林纸,SH600963
旋极信息,SZ300324
智度股份,SZ000676
华斯股份,SZ002494
中电电机,SH603988
尤洛卡,SZ300099
润欣科技,SZ300493
武汉凡谷,SZ002194
赛象科技,SZ002337
*ST山煤,SH600546
大连重工,SZ002204
中京电子,SZ002579
宝莫股份,SZ002476
华媒控股,SZ000607
雅百特,SZ002323
道明光学,SZ002632
三维通信,SZ002115
*ST煤气,SZ000968
粤水电,SZ002060
喜临门,SH603008
华业资本,SH600240
华懋科技,SH603306
奥克股份,SZ300082
仁智股份,SZ002629
多伦科技,SH603528
中华企业,SH600675
中银绒业,SZ000982
生物股份,SH600201
麦趣尔,SZ002719
华宇软件,SZ300271
科士达,SZ002518
长城信息,SZ000748
陕鼓动力,SH601369
菲利华,SZ300395
金浦钛业,SZ000545
陕西煤业,SH601225
科大国创,SZ300520
三维工程,SZ002469
首旅酒店,SH600258
初灵信息,SZ300250
盘江股份,SH600395
冠城大通,SH600067
烟台冰轮,SZ000811
鹏辉能源,SZ300438
大禹节水,SZ300021
华英农业,SZ002321
金种子酒,SH600199
华微电子,SH600360
白云机场,SH600004
弘高创意,SZ002504
桂东电力,SH600310
山东墨龙,SZ002490
乐凯胶片,SH600135
平庄能源,SZ000780
中基健康,SZ000972
盛运环保,SZ300090
京山轻机,SZ000821
口子窖,SH603589
史丹利,SZ002588
新北洋,SZ002376
晶盛机电,SZ300316
津滨发展,SZ000897
兰花科创,SH600123
易联众,SZ300096
浙商中拓,SZ000906
日发精机,SZ002520
伟星股份,SZ002003
达刚路机,SZ300103
鸿达兴业,SZ002002
海鸥卫浴,SZ002084
深大通,SZ000038
大名城,SH600094
马钢股份,SH600808
恒逸石化,SZ000703
沃华医药,SZ002107
巨力索具,SZ002342
林州重机,SZ002535
奥维通信,SZ002231
欧亚集团,SH600697
金安国纪,SZ002636
珠江钢琴,SZ002678
中珠医疗,SH600568
天目药业,SH600671
井神股份,SH603299
再升科技,SH603601
中钢国际,SZ000928
帝龙文化,SZ002247
华北制药,SH600812
和邦生物,SH603077
万东医疗,SH600055
思美传媒,SZ002712
香雪制药,SZ300147
楚天高速,SH600035
凯乐科技,SH600260
力源信息,SZ300184
中顺洁柔,SZ002511
重庆水务,SH601158
云南旅游,SZ002059
海量数据,SH603138
飞凯材料,SZ300398
朗源股份,SZ300175
诚志股份,SZ000990
恒泰艾普,SZ300157
金达威,SZ002626
三友化工,SH600409
百大集团,SH600865
浦东建设,SH600284
龙建股份,SH600853
中南建设,SZ000961
阳泉煤业,SH600348
皖新传媒,SH601801
宁沪高速,SH600377
劲拓股份,SZ300400
石化机械,SZ000852
贵糖股份,SZ000833
国际实业,SZ000159
广博股份,SZ002103
锐奇股份,SZ300126
太极股份,SZ002368
美晨科技,SZ300237
吉祥航空,SH603885
览海投资,SH600896
黑芝麻,SZ000716
蒙发利,SZ002614
航天电器,SZ002025
太阳纸业,SZ002078
迈克生物,SZ300463
新能泰山,SZ000720
恒邦股份,SZ002237
宁波中百,SH600857
辰安科技,SZ300523
深赛格,SZ000058
宝钢包装,SH601968
亚宝药业,SH600351
国旅联合,SH600358
金桥信息,SH603918
澳洋科技,SZ002172
威海广泰,SZ002111
巨轮智能,SZ002031
山东华鹏,SH603021
南京医药,SH600713
紫江企业,SH600210
国星光电,SZ002449
兴发集团,SH600141
金牛化工,SH600722
创业环保,SH600874
真视通,SZ002771
有研新材,SH600206
红宇新材,SZ300345
普邦股份,SZ002663
宝硕股份,SH600155
雪莱特,SZ002076
韶能股份,SZ000601
中山公用,SZ000685
方直科技,SZ300235
大康农业,SZ002505
华信国际,SZ002018
天翔环境,SZ300362
海航创新,SH600555
旗滨集团,SH601636
天沃科技,SZ002564
中钨高新,SZ000657
新华传媒,SH600825
渤海轮渡,SH603167
星光农机,SH603789
玉龙股份,SH601028
金卡股份,SZ300349
加加食品,SZ002650
美都能源,SH600175
嘉事堂,SZ002462
大华农,SZ300186
四通股份,SH603838
丽江旅游,SZ002033
阳普医疗,SZ300030
华映科技,SZ000536
联创互联,SZ300343
安记食品,SH603696
当代明诚,SH600136
栋梁新材,SZ002082
司尔特,SZ002538
鼎捷软件,SZ300378
森马服饰,SZ002563
四方精创,SZ300468
深中华A,SZ000017
巨龙管业,SZ002619
经纬纺机,SZ000666
海思科,SZ002653
皖江物流,SH600575
南大光电,SZ300346
昇兴股份,SZ002752
申能股份,SH600642
云南锗业,SZ002428
永安林业,SZ000663
泰合健康,SZ000790
金洲慈航,SZ000587
乾照光电,SZ300102
楚天科技,SZ300358
神奇制药,SH600613
常山药业,SZ300255
华电能源,SH600726
佳讯飞鸿,SZ300213
印纪传媒,SZ002143
西藏发展,SZ000752
秀强股份,SZ300160
北化股份,SZ002246
东方创业,SH600278
同达创业,SH600647
北方国际,SZ000065
惠而浦,SH600983
南京化纤,SH600889
海联讯,SZ300277
江南高纤,SH600527
青龙管业,SZ002457
华东科技,SZ000727
上海亚虹,SH603159
佐力药业,SZ300181
纳川股份,SZ300198
浩物股份,SZ000757
华银电力,SH600744
三特索道,SZ002159
益丰药房,SH603939
洪汇新材,SZ002802
北辰实业,SH601588
皖通科技,SZ002331
伊力特,SH600197
万丰奥威,SZ002085
创意信息,SZ300366
海立美达,SZ002537
唐人神,SZ002567
浔兴股份,SZ002098
航天晨光,SH600501
金禾实业,SZ002597
超声电子,SZ000823
新华制药,SZ000756
合力泰,SZ002217
上海临港,SH600848
南极电商,SZ002127
中元股份,SZ300018
深圳机场,SZ000089
东信和平,SZ002017
威龙股份,SH603779
麦达数字,SZ002137
津膜科技,SZ300334
英威腾,SZ002334
惠博普,SZ002554
安德利,SH603031
杭电股份,SH603618
新天科技,SZ300259
杭钢股份,SH600126
银轮股份,SZ002126
新农开发,SH600359
国光电器,SZ002045
迪瑞医疗,SZ300396
山河智能,SZ002097
新疆天业,SH600075
兄弟科技,SZ002562
湘潭电化,SZ002125
联创光电,SH600363
广济药业,SZ000952
闽东电力,SZ000993
天马精化,SZ002453
卧龙电气,SH600580
中材科技,SZ002080
四环生物,SZ000518
和晶科技,SZ300279
兆驰股份,SZ002429
珠海中富,SZ000659
南纺股份,SH600250
光正集团,SZ002524
骆驼股份,SH601311
厦门信达,SZ000701
海默科技,SZ300084
红相电力,SZ300427
首航节能,SZ002665
富祥股份,SZ300497
亚太科技,SZ002540
东音股份,SZ002793
开能环保,SZ300272
哈高科,SH600095
乐心医疗,SZ300562
国脉科技,SZ002093
双塔食品,SZ002481
摩恩电气,SZ002451
正海磁材,SZ300224
同济堂,SH600090
盛天网络,SZ300494
国祯环保,SZ300388
南风股份,SZ300004
三变科技,SZ002112
千红制药,SZ002550
海天精工,SH601882
曲美家居,SH603818
科林环保,SZ002499
南京新百,SH600682
中油资本,SZ000617
襄阳轴承,SZ000678
神州高铁,SZ000008
桂冠电力,SH600236
思源电气,SZ002028
吉比特,SH603444
太极实业,SH600667
海翔药业,SZ002099
康尼机电,SH603111
泰禾集团,SZ000732
大冷股份,SZ000530
东方通信,SH600776
北矿科技,SH600980
实达集团,SH600734
光洋股份,SZ002708
宜昌交运,SZ002627
雪浪环境,SZ300385
中电环保,SZ300172
龙力生物,SZ002604
*ST韶钢,SZ000717
精功科技,SZ002006
康耐特,SZ300061
陕西黑猫,SH601015
银河磁体,SZ300127
凌云股份,SH600480
隆基机械,SZ002363
江河集团,SH601886
沙河股份,SZ000014
贝达药业,SZ300558
天科股份,SH600378
新五丰,SH600975
凯盛科技,SH600552
凯龙股份,SZ002783
华建集团,SH600629
哈空调,SH600202
众生药业,SZ002317
沈阳化工,SZ000698
轻纺城,SH600790
轴研科技,SZ002046
艾比森,SZ300389
南京熊猫,SH600775
东易日盛,SZ002713
海信科龙,SZ000921
云煤能源,SH600792
江苏吴中,SH600200
高升控股,SZ000971
冠福股份,SZ002102
雅化集团,SZ002497
金冠电气,SZ300510
众兴菌业,SZ002772
安科瑞,SZ300286
粤电力A,SZ000539
冠农股份,SH600251
开创国际,SH600097
现代制药,SH600420
康欣新材,SH600076
珠江啤酒,SZ002461
博云新材,SZ002297
中房地产,SZ000736
南华仪器,SZ300417
敦煌种业,SH600354
当代东方,SZ000673
高能环境,SH603588
茂硕电源,SZ002660
东风科技,SH600081
天健集团,SZ000090
九强生物,SZ300406
四川路桥,SH600039
中孚实业,SH600595
多喜爱,SZ002761
广田集团,SZ002482
全新好,SZ000007
京运通,SH601908
索菱股份,SZ002766
厦工股份,SH600815
炼石有色,SZ000697
恒天海龙,SZ000677
道氏技术,SZ300409
浙江众成,SZ002522
东杰智能,SZ300486
旷达科技,SZ002516
瑞贝卡,SH600439
广东甘化,SZ000576
齐星铁塔,SZ002359
天邦股份,SZ002124
阳煤化工,SH600691
德力股份,SZ002571
三联商社,SH600898
卓翼科技,SZ002369
正业科技,SZ300410
黄山旅游,SH600054
金雷风电,SZ300443
金岭矿业,SZ000655
阳光照明,SH600261
众业达,SZ002441
天津普林,SZ002134
鹭燕医药,SZ002788
宁波海运,SH600798
山西三维,SZ000755
世龙实业,SZ002748
海南海药,SZ000566
金杯电工,SZ002533
嘉欣丝绸,SZ002404
新通联,SH603022
思维列控,SH603508
出版传媒,SH601999
宝信软件,SH600845
龙津药业,SZ002750
升华拜克,SH600226
中国重汽,SZ000951
全信股份,SZ300447
*ST易桥,SZ000606
海南瑞泽,SZ002596
山东高速,SH600350
美克家居,SH600337
时代出版,SH600551
贤丰控股,SZ002141
交大昂立,SH600530
拓日新能,SZ002218
卫星石化,SZ002648
易成新能,SZ300080
中亚股份,SZ300512
启迪古汉,SZ000590
九芝堂,SZ000989
龙大肉食,SZ002726
博济医药,SZ300404
仟源医药,SZ300254
华菱星马,SH600375
红星发展,SH600367
东方能源,SZ000958
高乐股份,SZ002348
瑞和股份,SZ002620
美利云,SZ000815
融钰集团,SZ002622
清水源,SZ300437
兰州黄河,SZ000929
恒源煤电,SH600971
中南文化,SZ002445
科新机电,SZ300092
栖霞建设,SH600533
*ST珠江,SZ000505
梦洁股份,SZ002397
棒杰股份,SZ002634
神州长城,SZ000018
美尚生态,SZ300495
华昌达,SZ300278
智飞生物,SZ300122
搜于特,SZ002503
南洋股份,SZ002212
交运股份,SH600676
桂林三金,SZ002275
特发信息,SZ000070
振东制药,SZ300158
浩丰科技,SZ300419
中牧股份,SH600195
东诚药业,SZ002675
迪威视讯,SZ300167
武汉中商,SZ000785
刚泰控股,SH600687
云南城投,SH600239
汉商集团,SH600774
宝馨科技,SZ002514
西部牧业,SZ300106
鲁西化工,SZ000830
浪莎股份,SH600137
科迪乳业,SZ002770
宝利国际,SZ300135
拓普集团,SH601689
平煤股份,SH601666
华鲁恒升,SH600426
聚飞光电,SZ300303
海得控制,SZ002184
新潮能源,SH600777
西部创业,SZ000557
云赛智联,SH600602
鸿特精密,SZ300176
中金环境,SZ300145
赛福天,SH603028
桐昆股份,SH601233
杭氧股份,SZ002430
国恩股份,SZ002768
登云股份,SZ002715
迎驾贡酒,SH603198
安通控股,SH600179
佛慈制药,SZ002644
胜宏科技,SZ300476
明星电力,SH600101
龙宇燃油,SH603003
世纪瑞尔,SZ300150
宝鹰股份,SZ002047
双林股份,SZ300100
和胜股份,SZ002824
德奥通航,SZ002260
伟明环保,SH603568
法尔胜,SZ000890
众合科技,SZ000925
文化长城,SZ300089
宝光股份,SH600379
民生控股,SZ000416
华灿光电,SZ300323
赛轮金宇,SH601058
沪电股份,SZ002463
广州浪奇,SZ000523
王子新材,SZ002735
黑牡丹,SH600510
中再资环,SH600217
国农科技,SZ000004
开滦股份,SH600997
量子高科,SZ300149
东阳光科,SH600673
海航基础,SH600515
赤天化,SH600227
华西股份,SZ000936
新联电子,SZ002546
露天煤业,SZ002128
梅安森,SZ300275
渝三峡A,SZ000565
西藏珠峰,SH600338
方大化工,SZ000818
松芝股份,SZ002454
*ST东晶,SZ002199
西部资源,SH600139
湘邮科技,SH600476
引力传媒,SH603598
章源钨业,SZ002378
中润资源,SZ000506
成都路桥,SZ002628
农发种业,SH600313
金鹰股份,SH600232
永鼎股份,SH600105
久之洋,SZ300516
双杰电气,SZ300444
顺灏股份,SZ002565
联化科技,SZ002250
合康新能,SZ300048
氯碱化工,SH600618
红阳能源,SH600758
方大特钢,SH600507
瀚蓝环境,SH600323
泰胜风能,SZ300129
银泰资源,SZ000975
本钢板材,SZ000761
万家乐,SZ000533
银邦股份,SZ300337
三联虹普,SZ300384
重庆路桥,SH600106
北部湾旅,SH603869
*ST舜船,SZ002608
华东重机,SZ002685
阳谷华泰,SZ300121
赣粤高速,SH600269
五洲交通,SH600368
微光股份,SZ002801
开元仪器,SZ300338
风神股份,SH600469
吉视传媒,SH601929
香梨股份,SH600506
国机汽车,SH600335
银座股份,SH600858
中兴商业,SZ000715
烽火电子,SZ000561
南钢股份,SH600282
中海科技,SZ002401
珍宝岛,SH603567
林海股份,SH600099
泰尔股份,SZ002347
桃李面包,SH603866
博汇纸业,SH600966
深高速,SH600548
北部湾港,SZ000582
浙江富润,SH600070
红豆股份,SH600400
福星股份,SZ000926
会稽山,SH601579
贵阳银行,SH601997
龙源技术,SZ300105
贵航股份,SH600523
安徽合力,SH600761
音飞储存,SH603066
田中精机,SZ300461
康达新材,SZ002669
诚益通,SZ300430
重庆燃气,SH600917
首商股份,SH600723
ST成城,SH600247
吉宏股份,SZ002803
渤海股份,SZ000605
怡球资源,SH601388
美菱电器,SZ000521
海大集团,SZ002311
雄韬股份,SZ002733
珠江实业,SH600684
尖峰集团,SH600668
赫美集团,SZ002356
*ST天首,SZ000611
花王股份,SH603007
圣阳股份,SZ002580
建新矿业,SZ000688
柳化股份,SH600423
远东传动,SZ002406
双箭股份,SZ002381
齐峰新材,SZ002521
葵花药业,SZ002737
益盛药业,SZ002566
银河电子,SZ002519
金鸿能源,SZ000669
重庆钢铁,SH601005
美的电器,SZ000527
围海股份,SZ002586
大庆华科,SZ000985
楚江新材,SZ002171
亚星客车,SH600213
申科股份,SZ002633
康弘药业,SZ002773
华峰超纤,SZ300180
金自天正,SH600560
维科精华,SH600152
华昌化工,SZ002274
保税科技,SH600794
江苏阳光,SH600220
国风塑业,SZ000859
申通地铁,SH600834
华东数控,SZ002248
飞力达,SZ300240
湖南投资,SZ000548
岳阳兴长,SZ000819
宏达高科,SZ002144
西陇科学,SZ002584
东北制药,SZ000597
三毛派神,SZ000779
山东金泰,SH600385
元力股份,SZ300174
中国汽研,SH601965
丽鹏股份,SZ002374
凤竹纺织,SH600493
秋林集团,SH600891
广聚能源,SZ000096
运达科技,SZ300440
春晖股份,SZ000976
航民股份,SH600987
国瓷材料,SZ300285
龙马环卫,SH603686
太阳鸟,SZ300123
辉煌科技,SZ002296
文山电力,SH600995
麦捷科技,SZ300319
海南矿业,SH601969
亚通股份,SH600692
南宁百货,SH600712
道森股份,SH603800
神雾节能,SZ000820
世茂股份,SH600823
雷科防务,SZ002413
福达股份,SH603166
圣莱达,SZ002473
晓程科技,SZ300139
天壕环境,SZ300332
远方光电,SZ300306
双良节能,SH600481
数据港,SH603881
中矿资源,SZ002738
永安药业,SZ002365
宁波富邦,SH600768
天顺股份,SZ002800
万林股份,SH603117
隆华节能,SZ300263
西泵股份,SZ002536
苏试试验,SZ300416
通达股份,SZ002560
西安旅游,SZ000610
佳士科技,SZ300193
金钼股份,SH601958
东方银星,SH600753
铜峰电子,SH600237
京威股份,SZ002662
金徽酒,SH603919
新洋丰,SZ000902
世嘉科技,SZ002796
新奥股份,SH600803
力生制药,SZ002393
聚龙股份,SZ300202
汇冠股份,SZ300282
滨化股份,SH601678
三元股份,SH600429
理工环科,SZ002322
杭州解百,SH600814
群兴玩具,SZ002575
高科石化,SZ002778
新钢股份,SH600782
广东鸿图,SZ002101
山东路桥,SZ000498
中飞股份,SZ300489
九牧王,SH601566
东华科技,SZ002140
强力新材,SZ300429
派思股份,SH603318
中百集团,SZ000759
今世缘,SH603369
浩云科技,SZ300448
杰赛科技,SZ002544
澳柯玛,SH600336
汉森制药,SZ002412
双环传动,SZ002472
迦南科技,SZ300412
长春经开,SH600215
富春环保,SZ002479
悦达投资,SH600805
光一科技,SZ300356
凯美特气,SZ002549
福斯特,SH603806
南方汇通,SZ000920
今天国际,SZ300532
东安动力,SH600178
龙泉股份,SZ002671
白云电器,SH603861
顺发恒业,SZ000631
天富能源,SH600509
曲江文旅,SH600706
茂业商业,SH600828
奥康国际,SH603001
深圳燃气,SH601139
迪马股份,SH600565
东方精工,SZ002611
壹桥股份,SZ002447
五洋科技,SZ300420
汇金科技,SZ300561
京投发展,SH600683
艾派克,SZ002180
漳州发展,SZ000753
盛洋科技,SH603703
东山精密,SZ002384
福成股份,SH600965
上实发展,SH600748
中电广通,SH600764
武汉控股,SH600168
湖北宜化,SZ000422
诺力股份,SH603611
羚锐制药,SH600285
浙江广厦,SH600052
世荣兆业,SZ002016
凌钢股份,SH600231
凤凰股份,SH600716
乐凯新材,SZ300446
雪峰科技,SH603227
金陵药业,SZ000919
合肥百货,SZ000417
飞马国际,SZ002210
金城医药,SZ300233
天成自控,SH603085
天成自控,SH603085
深赤湾A,SZ000022
中坚科技,SZ002779
莫高股份,SH600543
新筑股份,SZ002480
键桥通讯,SZ002316
金盾股份,SZ300411
天孚通信,SZ300394
超讯通信,SH603322
黑猫股份,SZ002068
海螺型材,SZ000619
天银机电,SZ300342
冰川网络,SZ300533
地尔汉宇,SZ300403
纳尔股份,SZ002825
东方中科,SZ002819
福建高速,SH600033
兴源环境,SZ300266
电光科技,SZ002730
传化智联,SZ002010
株冶集团,SH600961
赛升药业,SZ300485
精华制药,SZ002349
南山控股,SZ002314
四通新材,SZ300428
荣科科技,SZ300290
共达电声,SZ002655
